Label,Path,Homogeneity,Dissimilarity,Contrast,Energy,Correlation,ASM
Cap,/content/drive/My Drive/Batik/CNN/DataTrain/Cap/T-Cap  (30).jpg,0.7016045992387986,0.6571108263933376,0.9608023702754646,0.37375314148388433,0.3848011586684773,0.13969141076907246
Cap,/content/drive/My Drive/Batik/CNN/DataTrain/Cap/T-Cap  (114).jpg,0.5308346238633432,1.1933656310057656,2.508668321588725,0.18622295158283173,0.6144328016028408,0.034678987696221686
Cap,/content/drive/My Drive/Batik/CNN/DataTrain/Cap/T-Cap  (32).jpg,0.7436345950936428,0.5509689301729661,0.7432335041639974,0.38041471279309397,0.5345075891058053,0.14471535370945218
Cap,/content/drive/My Drive/Batik/CNN/DataTrain/Cap/T-Cap  (27).jpg,0.7173091688382838,0.6148902946828956,0.864449871877002,0.3755270524533806,0.43412107978771375,0.14102056712432404
Cap,/content/drive/My Drive/Batik/CNN/DataTrain/Cap/T-Cap  (5).jpg,0.7641648471220156,0.523202274183216,0.7860145739910314,0.4724858565055522,0.5417800948454461,0.22324288459778527
Cap,/content/drive/My Drive/Batik/CNN/DataTrain/Cap/T-Cap  (29).jpg,0.7249056016853103,0.5987948430493274,0.8446708840486866,0.37461736097685605,0.4468282347678336,0.14033816714526406
Cap,/content/drive/My Drive/Batik/CNN/DataTrain/Cap/T-Cap  (84).jpg,0.7284828276774663,0.6297045163356823,1.0686459000640616,0.25846054320148265,0.7900741989442116,0.06680185239200548
Cap,/content/drive/My Drive/Batik/CNN/DataTrain/Cap/T-Cap  (12).jpg,0.7922120167487484,0.4491111467008328,0.6186338885329916,0.5470393449612119,0.4663837793342197,0.29925204493559177
Cap,/content/drive/My Drive/Batik/CNN/DataTrain/Cap/T-Cap  (53).jpg,0.6092026807273444,0.9999599615631006,2.129484304932735,0.22258155186869025,0.6445691380205296,0.04954254723227444
Cap,/content/drive/My Drive/Batik/CNN/DataTrain/Cap/T-Cap  (92).jpg,0.5320903814268032,1.203054932735426,2.573450512491992,0.19067380042978727,0.6009868864788072,0.03635649817033834
Cap,/content/drive/My Drive/Batik/CNN/DataTrain/Cap/T-Cap  (98).jpg,0.5552741672729802,1.1450592568866111,2.454996796925048,0.1814151737924237,0.6295640557918537,0.032911465282135295
Cap,/content/drive/My Drive/Batik/CNN/DataTrain/Cap/T-Cap  (10).jpg,0.7378243294558252,0.5959320948110186,0.9578795643818065,0.47209787172369516,0.5040195667683912,0.22287640048604251
Cap,/content/drive/My Drive/Batik/CNN/DataTrain/Cap/T-Cap  (79).jpg,0.7481249057919133,0.5776145099295323,0.9508928571428571,0.2796146037897473,0.8035924537858589,0.07818432665249735
Cap,/content/drive/My Drive/Batik/CNN/DataTrain/Cap/T-Cap  (1).jpg,0.8177197892782502,0.3945587764253683,0.5490671044202433,0.545794026729133,0.6080967818474504,0.2978911196132015
Cap,/content/drive/My Drive/Batik/CNN/DataTrain/Cap/T-Cap  (56).jpg,0.5420474219026712,1.1827754644458681,2.5616992312620113,0.19472447120204678,0.5718991948724519,0.03791761968491674
Cap,/content/drive/My Drive/Batik/CNN/DataTrain/Cap/T-Cap  (43).jpg,0.7179114936764633,0.6093850096092248,0.8360826393337604,0.38374319180121347,0.41490704243610754,0.1472588372537829
Cap,/content/drive/My Drive/Batik/CNN/DataTrain/Cap/T-Cap  (39).jpg,0.7399608692217832,0.5577554452274183,0.7488589045483663,0.3917048631048656,0.45586420608132916,0.15343269978000149
Cap,/content/drive/My Drive/Batik/CNN/DataTrain/Cap/T-Cap  (66).jpg,0.5499445440473534,1.1617152466367713,2.514293721973094,0.1928343524847685,0.5968549488814479,0.03718508749821994
Cap,/content/drive/My Drive/Batik/CNN/DataTrain/Cap/T-Cap  (41).jpg,0.7492967366318725,0.5373959000640615,0.7180493273542601,0.38130275930274365,0.5483240012297846,0.14539179425188606
Cap,/content/drive/My Drive/Batik/CNN/DataTrain/Cap/T-Cap  (69).jpg,0.5823611300332482,1.0815182575272262,2.359785393978219,0.20594943368485247,0.599583952766364,0.04241516923511144
Cap,/content/drive/My Drive/Batik/CNN/DataTrain/Cap/T-Cap  (95).jpg,0.5212687413376544,1.2381486226777705,2.68333600256246,0.17643676936266098,0.6096295137935724,0.031129933583132825
Cap,/content/drive/My Drive/Batik/CNN/DataTrain/Cap/T-Cap  (61).jpg,0.5864471357588279,1.099635650224215,2.52152065983344,0.21176781397511119,0.5887164129499244,0.04484560703579729
Cap,/content/drive/My Drive/Batik/CNN/DataTrain/Cap/T-Cap  (34).jpg,0.7432854997811474,0.5488468930172966,0.727017937219731,0.3852557652563215,0.5361789300958583,0.1484220046632339
Cap,/content/drive/My Drive/Batik/CNN/DataTrain/Cap/T-Cap  (17).jpg,0.7754934873224903,0.49703715566944273,0.7404308135810378,0.48744685365608814,0.6113522732867105,0.23760443513921983
Cap,/content/drive/My Drive/Batik/CNN/DataTrain/Cap/T-Cap  (11).jpg,0.747955756983718,0.5641816143497757,0.8694746957078796,0.4703143140601574,0.4742473202044397,0.22119555400987634
Cap,/content/drive/My Drive/Batik/CNN/DataTrain/Cap/T-Cap  (45).jpg,0.758609794814787,0.5155148942985266,0.6797525624599616,0.3828166022506026,0.6033330338549524,0.1465485509586961
Cap,/content/drive/My Drive/Batik/CNN/DataTrain/Cap/T-Cap  (122).jpg,0.9119384020424313,0.18379644458680333,0.22247357463164638,0.6368598778188373,0.8949688192590717,0.4055905039754244
Cap,/content/drive/My Drive/Batik/CNN/DataTrain/Cap/T-Cap  (70).jpg,0.7722912819836455,0.513332799487508,0.8044923126201153,0.2752226425947822,0.8427863363397716,0.0757475029968552
Cap,/content/drive/My Drive/Batik/CNN/DataTrain/Cap/T-Cap  (76).jpg,0.7416829568150131,0.5837003523382447,0.9212644138372837,0.2679298605029509,0.8063846402449885,0.07178641014913073
Cap,/content/drive/My Drive/Batik/CNN/DataTrain/Cap/T-Cap  (42).jpg,0.7273475930558495,0.5940903267136451,0.8424887892376681,0.37918886738274127,0.43734600641822774,0.14378419714700616
Cap,/content/drive/My Drive/Batik/CNN/DataTrain/Cap/T-Cap  (64).jpg,0.553489884225508,1.1406550288276744,2.414998398462524,0.19433168351593152,0.6031338095611246,0.037764803218136175
Cap,/content/drive/My Drive/Batik/CNN/DataTrain/Cap/T-Cap  (83).jpg,0.7386065917398349,0.5896660794362588,0.9255885650224216,0.27261176291934747,0.7889626708641563,0.07431717328199453
Cap,/content/drive/My Drive/Batik/CNN/DataTrain/Cap/T-Cap  (26).jpg,0.7614733311399757,0.5125320307495197,0.691744074311339,0.39288867512519543,0.5739838035067224,0.15436151104163134
Cap,/content/drive/My Drive/Batik/CNN/DataTrain/Cap/T-Cap  (23).jpg,0.7222927041634177,0.5998758808456118,0.8236106662395899,0.37833874620397184,0.41798959649525746,0.1431402068791934
Cap,/content/drive/My Drive/Batik/CNN/DataTrain/Cap/T-Cap  (100).jpg,0.5671256442383783,1.1048406470211403,2.3308976617552855,0.18647700288234734,0.6556496964548977,0.03477367260398298
Cap,/content/drive/My Drive/Batik/CNN/DataTrain/Cap/T-Cap  (28).jpg,0.728632500775405,0.5926489429852659,0.8450112107623318,0.37871140819483917,0.4500200174366891,0.1434223306969181
Cap,/content/drive/My Drive/Batik/CNN/DataTrain/Cap/T-Cap  (123).jpg,0.9083003212495759,0.19080317104420244,0.22787876361306858,0.5446105116713874,0.9138041098106437,0.2966006094229704
Cap,/content/drive/My Drive/Batik/CNN/DataTrain/Cap/T-Cap  (31).jpg,0.7247775511549912,0.5978739590006407,0.8362628122998079,0.3704391321425105,0.4721784383704423,0.13722515062249638
Cap,/content/drive/My Drive/Batik/CNN/DataTrain/Cap/T-Cap  (55).jpg,0.5561574439822263,1.1765695067264574,2.6892616912235745,0.20686746415167512,0.5459675690105967,0.042794147724544596
Cap,/content/drive/My Drive/Batik/CNN/DataTrain/Cap/T-Cap  (121).jpg,0.9146508883822587,0.17943225496476617,0.22355461242793082,0.6982174421326609,0.7932930759978755,0.48750759649827574
Cap,/content/drive/My Drive/Batik/CNN/DataTrain/Cap/T-Cap  (126).jpg,0.9044835983720843,0.20259449071108265,0.2607703395259449,0.6503745084315016,0.807254758318508,0.42298700121751726
Cap,/content/drive/My Drive/Batik/CNN/DataTrain/Cap/T-Cap  (4).jpg,0.7613082677016996,0.5186178731582319,0.7259769378603459,0.47522129456234774,0.5891771250942832,0.22583527880551368
Cap,/content/drive/My Drive/Batik/CNN/DataTrain/Cap/T-Cap  (75).jpg,0.7453452961902249,0.5800168161434978,0.9357583279948751,0.28281325834978754,0.7775158818625978,0.07998333909842366
Cap,/content/drive/My Drive/Batik/CNN/DataTrain/Cap/T-Cap  (54).jpg,0.6055972953798396,1.0388573030108903,2.341748078155029,0.20916196125290468,0.627603605939279,0.0437487260351616
Cap,/content/drive/My Drive/Batik/CNN/DataTrain/Cap/T-Cap  (20).jpg,0.71136261852102,0.6364910313901344,0.9348975016015375,0.3657740498684969,0.4661921936873013,0.13379065555720165
Cap,/content/drive/My Drive/Batik/CNN/DataTrain/Cap/T-Cap  (22).jpg,0.7228838508497569,0.6087443946188341,0.8838484945547725,0.37369115731941804,0.508289175393715,0.13964508105872606
Cap,/content/drive/My Drive/Batik/CNN/DataTrain/Cap/T-Cap  (47).jpg,0.5489945592969201,1.1638773222293401,2.5239029468289558,0.20173141445257484,0.5658185196945854,0.04069556357703652
Cap,/content/drive/My Drive/Batik/CNN/DataTrain/Cap/T-Cap  (91).jpg,0.7211397058823529,0.6378723574631646,1.0434216848174247,0.265766440250077,0.7700157376533943,0.07063180076319775
Cap,/content/drive/My Drive/Batik/CNN/DataTrain/Cap/T-Cap  (115).jpg,0.9011340298451219,0.20671844971172326,0.25196188340807174,0.6568707702658979,0.773937200110695,0.4314792088297141
Cap,/content/drive/My Drive/Batik/CNN/DataTrain/Cap/T-Cap  (7).jpg,0.7709236251416745,0.498058135810378,0.6987307815502883,0.4960995576910123,0.6613635908723303,0.24611477114121805
Cap,/content/drive/My Drive/Batik/CNN/DataTrain/Cap/T-Cap  (8).jpg,0.7592293398042211,0.5332118834080718,0.7935017616912236,0.5187397383706478,0.4115899919328005,0.26909091616484815
Cap,/content/drive/My Drive/Batik/CNN/DataTrain/Cap/T-Cap  (77).jpg,0.7318318164623558,0.6100456438180654,0.9831237988468929,0.2762581700723814,0.7886217699077676,0.07631857653174082
Cap,/content/drive/My Drive/Batik/CNN/DataTrain/Cap/T-Cap  (103).jpg,0.596627803660084,1.0464245675848816,2.2888573030108903,0.1901757875824362,0.6934033209189782,0.0361668301825999
Cap,/content/drive/My Drive/Batik/CNN/DataTrain/Cap/T-Cap  (60).jpg,0.5870684997869449,1.0517096412556053,2.2153066944266495,0.20034615115451226,0.6350894270168221,0.04013858028242667
Cap,/content/drive/My Drive/Batik/CNN/DataTrain/Cap/T-Cap  (99).jpg,0.5802772199773321,1.0764934336963485,2.2985065663036512,0.1834025317677949,0.6877904069524816,0.03363648865883702
Cap,/content/drive/My Drive/Batik/CNN/DataTrain/Cap/T-Cap  (71).jpg,0.7312588320081396,0.6094851057014734,0.9713925368353619,0.2750340893185267,0.7726615221164571,0.07564375028727131
Cap,/content/drive/My Drive/Batik/CNN/DataTrain/Cap/T-Cap  (80).jpg,0.7516252072577909,0.5611186739269699,0.8843489750160154,0.27924140237126643,0.7997736079211605,0.07797576079827154
Cap,/content/drive/My Drive/Batik/CNN/DataTrain/Cap/T-Cap  (6).jpg,0.7656934367399945,0.5101297245355542,0.7210922485586162,0.5179087988106893,0.38704863801189754,0.268229523885531
Cap,/content/drive/My Drive/Batik/CNN/DataTrain/Cap/T-Cap  (116).jpg,0.8824219486000678,0.24907911595131327,0.31914638052530425,0.539978888760516,0.8700066328634888,0.2915772003070417
Cap,/content/drive/My Drive/Batik/CNN/DataTrain/Cap/T-Cap  (117).jpg,0.9118591494893922,0.1842168481742473,0.22417520819987186,0.5847311713405565,0.9186535501194047,0.34191054273729926
Cap,/content/drive/My Drive/Batik/CNN/DataTrain/Cap/T-Cap  (96).jpg,0.5318283389892134,1.1912836322869955,2.50626601537476,0.1775664931012275,0.6307710409695102,0.031529859472268267
Cap,/content/drive/My Drive/Batik/CNN/DataTrain/Cap/T-Cap  (58).jpg,0.5567224692241178,1.1567905188981422,2.5645819987187704,0.20415811572590983,0.5498942477140157,0.04168053621675399
Cap,/content/drive/My Drive/Batik/CNN/DataTrain/Cap/T-Cap  (68).jpg,0.5545372245138138,1.1579115951313261,2.539918321588725,0.19884541785211476,0.560714270265508,0.03953950020078212
Cap,/content/drive/My Drive/Batik/CNN/DataTrain/Cap/T-Cap  (72).jpg,0.750132371420455,0.5678451313260731,0.9115751121076234,0.2667433536160972,0.823134130319372,0.07115201669836227
Cap,/content/drive/My Drive/Batik/CNN/DataTrain/Cap/T-Cap  (19).jpg,0.6998340488316748,0.6595531710442024,0.959160794362588,0.3673860722174344,0.3848360517026862,0.13497252605935395
Cap,/content/drive/My Drive/Batik/CNN/DataTrain/Cap/T-Cap  (52).jpg,0.5420184825396182,1.1705837604099936,2.4789197629724535,0.1923271749267559,0.5908109192122749,0.036989742215306966
Cap,/content/drive/My Drive/Batik/CNN/DataTrain/Cap/T-Cap  (78).jpg,0.7490502103739046,0.5671644778987829,0.8955597373478539,0.2686216120024931,0.8213077136652841,0.07215757043481795
Cap,/content/drive/My Drive/Batik/CNN/DataTrain/Cap/T-Cap  (97).jpg,0.5959148656012939,1.0430413196668802,2.2460361947469574,0.19710154721609877,0.6819213135969805,0.03884901991498001
Cap,/content/drive/My Drive/Batik/CNN/DataTrain/Cap/T-Cap  (104).jpg,0.5564395641510849,1.1459200832799485,2.4924127162075593,0.18258437507160893,0.677156777165583,0.03333705402028997
Cap,/content/drive/My Drive/Batik/CNN/DataTrain/Cap/T-Cap  (89).jpg,0.7241131757980874,0.627362267777066,1.0094490711082638,0.26800918591726863,0.7769879930617186,0.07182892373603707
Cap,/content/drive/My Drive/Batik/CNN/DataTrain/Cap/T-Cap  (67).jpg,0.5481590851125604,1.1852378283151825,2.6475616591928253,0.20215829651940495,0.5566745406162341,0.04086797685162766
Cap,/content/drive/My Drive/Batik/CNN/DataTrain/Cap/T-Cap  (18).jpg,0.7076236263736263,0.6377322229340165,0.9048286354900705,0.38024332041115083,0.3900745807140137,0.1445849827172971
Cap,/content/drive/My Drive/Batik/CNN/DataTrain/Cap/T-Cap  (124).jpg,0.9028086963484946,0.20201393337604098,0.24017056374119156,0.6224075755204177,0.8386816460384281,0.3873911900652044
Cap,/content/drive/My Drive/Batik/CNN/DataTrain/Cap/T-Cap  (101).jpg,0.5474921988457335,1.1470611787315823,2.398822869955157,0.18835613802083817,0.6500312514640215,0.035478034730125035
Cap,/content/drive/My Drive/Batik/CNN/DataTrain/Cap/T-Cap  (90).jpg,0.76221125221389,0.54444266495836,0.8912556053811658,0.26755637900183327,0.8310368101875228,0.07158641594457264
Cap,/content/drive/My Drive/Batik/CNN/DataTrain/Cap/T-Cap  (36).jpg,0.7173250664529349,0.6098254324151184,0.833880525304292,0.3825426666482387,0.40424610001138933,0.1463388918063455
Cap,/content/drive/My Drive/Batik/CNN/DataTrain/Cap/T-Cap  (21).jpg,0.7084433997814373,0.6404548366431775,0.9294522741832159,0.37313293637611566,0.4181812660329547,0.13922818820866237
Cap,/content/drive/My Drive/Batik/CNN/DataTrain/Cap/T-Cap  (105).jpg,0.5779055042161743,1.086162716207559,2.3339606021780908,0.18443820144919343,0.6571643988991448,0.03401745015381326
Cap,/content/drive/My Drive/Batik/CNN/DataTrain/Cap/T-Cap  (94).jpg,0.5881970872054294,1.048466527866752,2.209300928891736,0.18761379244630252,0.6845243026943462,0.03519893511608428
Cap,/content/drive/My Drive/Batik/CNN/DataTrain/Cap/T-Cap  (48).jpg,0.5952167927364116,1.068125400384369,2.419702914798206,0.22248285447084598,0.59256554864751,0.04949862053349563
Cap,/content/drive/My Drive/Batik/CNN/DataTrain/Cap/T-Cap  (125).jpg,0.901589054904473,0.20435618193465727,0.2421124279308136,0.6416531010351425,0.8292780467047424,0.41171870206801475
Cap,/content/drive/My Drive/Batik/CNN/DataTrain/Cap/T-Cap  (131).jpg,0.9027027122508198,0.20501681614349776,0.25746716848174245,0.644792201446181,0.8042056139233962,0.41575698304581243
Cap,/content/drive/My Drive/Batik/CNN/DataTrain/Cap/T-Cap  (14).jpg,0.7923331194326645,0.4510530108904548,0.633267937219731,0.5482598895393507,0.48179489984341123,0.30058890647770103
Cap,/content/drive/My Drive/Batik/CNN/DataTrain/Cap/T-Cap  (51).jpg,0.5636818289424792,1.1318665919282511,2.478199071108264,0.19761383141119096,0.572946794698389,0.0390512263650106
Cap,/content/drive/My Drive/Batik/CNN/DataTrain/Cap/T-Cap  (16).jpg,0.7737869350051163,0.5019819026265214,0.7539838244714927,0.4840374311631582,0.585049716854437,0.23429223476702912
Cap,/content/drive/My Drive/Batik/CNN/DataTrain/Cap/T-Cap  (82).jpg,0.771921868523194,0.5211603139013452,0.8495155349135171,0.2939533269041137,0.820956649318011,0.08640855839799674
Cap,/content/drive/My Drive/Batik/CNN/DataTrain/Cap/T-Cap  (86).jpg,0.7552898565428241,0.556734465086483,0.8983023702754644,0.27736831977213666,0.8237418365277321,0.07693318481321824
Cap,/content/drive/My Drive/Batik/CNN/DataTrain/Cap/T-Cap  (113).jpg,0.5378066267574313,1.1891415759128763,2.548526585522101,0.18282752015703763,0.6027039882801464,0.033425902126771996
Cap,/content/drive/My Drive/Batik/CNN/DataTrain/Cap/T-Cap  (49).jpg,0.5843920002997424,1.0867232543241512,2.4178811659192827,0.21420421173946466,0.5934344388895432,0.045883444326925406
Cap,/content/drive/My Drive/Batik/CNN/DataTrain/Cap/T-Cap  (127).jpg,0.9050764027584128,0.19835041639974374,0.24095131326073027,0.6134492790916508,0.8921493741007958,0.37632001801806614
Cap,/content/drive/My Drive/Batik/CNN/DataTrain/Cap/T-Cap  (35).jpg,0.7199661901669947,0.6182335041639974,0.9167600896860988,0.36492690175536907,0.45085592709390065,0.1331716436247728
Cap,/content/drive/My Drive/Batik/CNN/DataTrain/Cap/T-Cap  (59).jpg,0.5516545263421088,1.175908872517617,2.630825592568866,0.1979974120610904,0.5627256786276255,0.03920297518288922
Cap,/content/drive/My Drive/Batik/CNN/DataTrain/Cap/T-Cap  (112).jpg,0.5447946046304,1.14305733504164,2.3285554131966686,0.19136489347222885,0.6249879999180642,0.03662052245363749
Cap,/content/drive/My Drive/Batik/CNN/DataTrain/Cap/T-Cap  (46).jpg,0.7555276776112307,0.5295083279948751,0.7340246636771302,0.3823399616333478,0.6393899820575528,0.1461838462617899
Cap,/content/drive/My Drive/Batik/CNN/DataTrain/Cap/T-Cap  (38).jpg,0.7030727145118136,0.6561298846893017,0.9697109224855861,0.36377868699485416,0.4363853863004992,0.13233493311170008
Cap,/content/drive/My Drive/Batik/CNN/DataTrain/Cap/T-Cap  (33).jpg,0.7173317606621814,0.6108864509929532,0.8392656950672645,0.3811048704973662,0.4259186898120912,0.14524092231681426
Cap,/content/drive/My Drive/Batik/CNN/DataTrain/Cap/T-Cap  (2).jpg,0.7821851330218186,0.47383488148622677,0.6660193786034594,0.5215580484238651,0.5549002850384279,0.2720227978757109
Cap,/content/drive/My Drive/Batik/CNN/DataTrain/Cap/T-Cap  (44).jpg,0.7141005953951088,0.6271220371556694,0.9053491351697629,0.36373911235805945,0.4491236265452178,0.132306141859029
Cap,/content/drive/My Drive/Batik/CNN/DataTrain/Cap/T-Cap  (108).jpg,0.5567001425440822,1.1206558295964126,2.3165639013452917,0.18497370891926182,0.6637590255653492,0.0342152729913478
Cap,/content/drive/My Drive/Batik/CNN/DataTrain/Cap/T-Cap  (107).jpg,0.5421281987268864,1.1468409673286355,2.3325392376681613,0.1807486532079294,0.6483483695105965,0.032670075636480334
Cap,/content/drive/My Drive/Batik/CNN/DataTrain/Cap/T-Cap  (85).jpg,0.7252581301578929,0.6355701473414478,1.0731101857783472,0.26002666692607523,0.7925192182596454,0.06761386751268406
Cap,/content/drive/My Drive/Batik/CNN/DataTrain/Cap/T-Cap  (88).jpg,0.7079207260689719,0.6730861627162076,1.121236386931454,0.2607338886607902,0.7512483475971535,0.06798216069617737
Cap,/content/drive/My Drive/Batik/CNN/DataTrain/Cap/T-Cap  (50).jpg,0.5536634988593574,1.1356902626521461,2.3935778347213326,0.204701488429502,0.5986378021732711,0.041902699365253544
Cap,/content/drive/My Drive/Batik/CNN/DataTrain/Cap/T-Cap  (13).jpg,0.7823573073589559,0.46736867392696996,0.6285634208840487,0.49422717757665524,0.6138419171633186,0.2442605030553867
Cap,/content/drive/My Drive/Batik/CNN/DataTrain/Cap/T-Cap  (15).jpg,0.805528757282912,0.4187620115310698,0.5708680333119796,0.546438310225978,0.6101196279987672,0.2985948268826222
Cap,/content/drive/My Drive/Batik/CNN/DataTrain/Cap/T-Cap  (57).jpg,0.6156563332473383,0.9888693145419603,2.128203074951954,0.22609363388962078,0.6510952235843649,0.051118331285413876
Cap,/content/drive/My Drive/Batik/CNN/DataTrain/Cap/T-Cap  (62).jpg,0.5542081797571774,1.1526265214606022,2.5040438821268416,0.19920264929131848,0.5724701071490915,0.03968169548468002
Cap,/content/drive/My Drive/Batik/CNN/DataTrain/Cap/T-Cap  (106).jpg,0.514251908076097,1.2427930813581038,2.628683536194747,0.1877355961300656,0.5611703065914445,0.0352446540543111
Cap,/content/drive/My Drive/Batik/CNN/DataTrain/Cap/T-Cap  (129).jpg,0.9025516260315786,0.20587764253683535,0.26081037796284434,0.600451140679895,0.8769231734778142,0.3605415723437871
Cap,/content/drive/My Drive/Batik/CNN/DataTrain/Cap/T-Cap  (37).jpg,0.7462200998025977,0.552009929532351,0.7772661755285074,0.38441840412023187,0.5391099989691137,0.1477775094263459
Cap,/content/drive/My Drive/Batik/CNN/DataTrain/Cap/T-Cap  (25).jpg,0.7315926275649963,0.5764333760409993,0.7751841768097373,0.38909132350708364,0.4493270051265106,0.15139205802849404
Cap,/content/drive/My Drive/Batik/CNN/DataTrain/Cap/T-Cap  (128).jpg,0.9208992397407395,0.16357703395259449,0.19048286354900704,0.6940423442696579,0.8367347657254891,0.48169477563932234
Cap,/content/drive/My Drive/Batik/CNN/DataTrain/Cap/T-Cap  (73).jpg,0.7546478827819503,0.5515695067264574,0.8581438180653427,0.28145502571842645,0.8123601036078426,0.07921693150216008
Cap,/content/drive/My Drive/Batik/CNN/DataTrain/Cap/T-Cap  (87).jpg,0.7456657395624686,0.5819987187700193,0.9518737988468932,0.27918182920134627,0.7917137731035913,0.07794249375620968
Cap,/content/drive/My Drive/Batik/CNN/DataTrain/Cap/T-Cap  (63).jpg,0.5529693936042854,1.15833199871877,2.5277266175528506,0.2049013999652674,0.5862579016539243,0.04198458370772649
Cap,/content/drive/My Drive/Batik/CNN/DataTrain/Cap/T-Cap  (130).jpg,0.9070182669480348,0.19666880204996798,0.250280269058296,0.6623188384102622,0.8596580178121029,0.43866624371311896
Cap,/content/drive/My Drive/Batik/CNN/DataTrain/Cap/T-Cap  (132).jpg,0.9173613728002412,0.17284593209481103,0.21080237027546442,0.6661619923682641,0.8773233327859484,0.44377180007605516
Cap,/content/drive/My Drive/Batik/CNN/DataTrain/Cap/T-Cap  (24).jpg,0.7540336460558696,0.5289477898782832,0.7158472133247917,0.3906656651109245,0.5188809234017648,0.15261966189656098
Cap,/content/drive/My Drive/Batik/CNN/DataTrain/Cap/T-Cap  (65).jpg,0.5854375856931251,1.0691063420884048,2.316343689942345,0.21396772936688008,0.6288667883047674,0.045782189210418434
Cap,/content/drive/My Drive/Batik/CNN/DataTrain/Cap/T-Cap  (109).jpg,0.5546555009551251,1.1129684497117234,2.2475376361306854,0.18434387268172595,0.6554973610394627,0.03398266339529638
Cap,/content/drive/My Drive/Batik/CNN/DataTrain/Cap/T-Cap  (110).jpg,0.5938109906777475,1.0303291159513133,2.153927770659833,0.19457195311793143,0.7017544786726498,0.03785824494012651
Cap,/content/drive/My Drive/Batik/CNN/DataTrain/Cap/T-Cap  (102).jpg,0.5815195636606544,1.082419122357463,2.353399263292761,0.19149890892877608,0.6953130772519783,0.03667183212091167
Cap,/content/drive/My Drive/Batik/CNN/DataTrain/Cap/T-Cap  (111).jpg,0.5390113785251942,1.1618954196028186,2.3907150864830236,0.19452876777740116,0.6055264207331225,0.037841441492994066
Cap,/content/drive/My Drive/Batik/CNN/DataTrain/Cap/T-Cap  (40).jpg,0.7234631852913638,0.6011971492632927,0.8440703074951953,0.36446280633888173,0.5486809004302656,0.1328331372044132
Cap,/content/drive/My Drive/Batik/CNN/DataTrain/Cap/T-Cap  (3).jpg,0.7962508804832731,0.437219730941704,0.58680333119795,0.5368105545943888,0.571076522283791,0.2881655715239352
Cap,/content/drive/My Drive/Batik/CNN/DataTrain/Cap/T-Cap  (9).jpg,0.7949318404491843,0.4392216527866752,0.5852418321588725,0.5021607611412876,0.6592343317197975,0.2521654300299973
Cap,/content/drive/My Drive/Batik/CNN/DataTrain/Cap/T-Cap  (93).jpg,0.5600354168055632,1.1187740230621397,2.3418281550288276,0.18514910957794842,0.6463848064126891,0.03428019277750715
Cap,/content/drive/My Drive/Batik/CNN/DataTrain/Cap/T-Cap  (81).jpg,0.7348894939141576,0.6045003203074952,0.9787796284433055,0.2598299784229154,0.8070524503174074,0.06751161768725267
Cap,/content/drive/My Drive/Batik/CNN/DataTrain/Cap/T-Cap  (74).jpg,0.7331412273429552,0.6009769378603459,0.9384609224855862,0.28506150850807715,0.7513503869668754,0.08126006363290053
Cap,/content/drive/My Drive/Batik/CNN/DataTrain/Cap/T-Cap  (232).jpg,0.6864325680254854,0.7507206918641897,1.3754404228058938,0.4093643080454555,0.3947787532532762,0.16757913670153457
Cap,/content/drive/My Drive/Batik/CNN/DataTrain/Cap/T-Cap  (219).jpg,0.8747137251761691,0.255625400384369,0.28088965406790517,0.5116422689177941,0.7951816123724971,0.2617778113433483
Cap,/content/drive/My Drive/Batik/CNN/DataTrain/Cap/T-Cap  (224).jpg,0.8705857623318387,0.26415358744394624,0.2907791479820628,0.46719700328247893,0.8222202044359634,0.21827303987612864
Cap,/content/drive/My Drive/Batik/CNN/DataTrain/Cap/T-Cap  (234).jpg,0.656260960748563,0.835962524023062,1.5920083279948751,0.3892095016076873,0.3651472014961338,0.15148403614170436
Cap,/content/drive/My Drive/Batik/CNN/DataTrain/Cap/T-Cap  (190).jpg,0.7632467802574634,0.5260249839846253,0.7905188981422167,0.37636238980755227,0.6570732990600868,0.14164864846165193
Cap,/content/drive/My Drive/Batik/CNN/DataTrain/Cap/T-Cap  (240).jpg,0.6793899428519252,0.7626321268417682,1.3763012491992315,0.40745972952019777,0.3712101141554863,0.16602343118067273
Cap,/content/drive/My Drive/Batik/CNN/DataTrain/Cap/T-Cap  (186).jpg,0.7590045448155116,0.5352138052530429,0.8040719090326712,0.38559170533741555,0.5935611379536304,0.1486809632250163
Cap,/content/drive/My Drive/Batik/CNN/DataTrain/Cap/T-Cap  (210).jpg,0.8806874599615632,0.24317344650864833,0.26591527866752085,0.5303723609445365,0.8010398275426056,0.2812948412538817
Cap,/content/drive/My Drive/Batik/CNN/DataTrain/Cap/T-Cap  (207).jpg,0.9171704836643176,0.16870195387572073,0.18391655989750164,0.631528767453304,0.8363283530168638,0.39882858412108935
Cap,/content/drive/My Drive/Batik/CNN/DataTrain/Cap/T-Cap  (265).jpg,0.6372117504297339,0.8755004804612428,1.6340687059577195,0.37522637797222436,0.3024022865577068,0.14079483472615456
Cap,/content/drive/My Drive/Batik/CNN/DataTrain/Cap/T-Cap  (166).jpg,0.9580957719410634,0.08592248558616271,0.0964926329276105,0.8408646628748561,0.7798319557863448,0.7070533812716454
Cap,/content/drive/My Drive/Batik/CNN/DataTrain/Cap/T-Cap  (228).jpg,0.8797445547725817,0.24515534913516976,0.2683776425368353,0.5036079882150456,0.8094161332367775,0.25362100579400554
Cap,/content/drive/My Drive/Batik/CNN/DataTrain/Cap/T-Cap  (252).jpg,0.6496140185981256,0.8531390134529148,1.6303251121076234,0.3749805894482341,0.37295174159877736,0.14061044246294507
Cap,/content/drive/My Drive/Batik/CNN/DataTrain/Cap/T-Cap  (247).jpg,0.6613547285937486,0.7973454516335682,1.4017256566303653,0.3784590408348255,0.3598595560855166,0.14323124558961614
Cap,/content/drive/My Drive/Batik/CNN/DataTrain/Cap/T-Cap  (266).jpg,0.6805956433107909,0.7544242472773862,1.3374239269698913,0.4057931667521216,0.3921668762338498,0.1646680941827152
Cap,/content/drive/My Drive/Batik/CNN/DataTrain/Cap/T-Cap  (205).jpg,0.895701873798847,0.2122637732222934,0.23060137732222935,0.5150340622716923,0.8421634472921586,0.2652600853000815
Cap,/content/drive/My Drive/Batik/CNN/DataTrain/Cap/T-Cap  (134).jpg,0.890708020876512,0.23218289557975655,0.30096893017296605,0.59193019968763,0.8383087273975347,0.3503813613022376
Cap,/content/drive/My Drive/Batik/CNN/DataTrain/Cap/T-Cap  (238).jpg,0.6719514716027839,0.7847333440102497,1.4361587123638693,0.3861154403271106,0.4004626222864753,0.1490851332589985
Cap,/content/drive/My Drive/Batik/CNN/DataTrain/Cap/T-Cap  (138).jpg,0.833374863398274,0.3545003203074952,0.46120275464445865,0.5492385584935985,0.6102328831187408,0.30166299413612596
Cap,/content/drive/My Drive/Batik/CNN/DataTrain/Cap/T-Cap  (241).jpg,0.660348169536873,0.7951433376040999,1.377422325432415,0.3860335372656897,0.36150230452226567,0.14902189189386061
Cap,/content/drive/My Drive/Batik/CNN/DataTrain/Cap/T-Cap  (254).jpg,0.650003369750798,0.8253523382447149,1.4564381806534272,0.37091397896827205,0.29641792961627517,0.13757717979407577
Cap,/content/drive/My Drive/Batik/CNN/DataTrain/Cap/T-Cap  (218).jpg,0.8858555978445188,0.23314381806534276,0.25744714926329276,0.5506453336819751,0.7978942843998408,0.3032102835057337
Cap,/content/drive/My Drive/Batik/CNN/DataTrain/Cap/T-Cap  (244).jpg,0.6613130143399201,0.8092568866111467,1.4751761691223575,0.3827995981907679,0.32263327317882234,0.14653553237501338
Cap,/content/drive/My Drive/Batik/CNN/DataTrain/Cap/T-Cap  (192).jpg,0.7784016184949316,0.49095131326073027,0.7312219730941704,0.38285046155217256,0.6890015625956245,0.14657447591071157
Cap,/content/drive/My Drive/Batik/CNN/DataTrain/Cap/T-Cap  (144).jpg,0.8518163953232206,0.31656390134529144,0.418261531069827,0.5911575436671215,0.6260849737162772,0.34946724143454466
Cap,/content/drive/My Drive/Batik/CNN/DataTrain/Cap/T-Cap  (118).jpg,0.9112219495421489,0.18307575272261373,0.21070227418321585,0.6574478019321124,0.8048862294916929,0.4322376122653661
Cap,/content/drive/My Drive/Batik/CNN/DataTrain/Cap/T-Cap  (154).jpg,0.8677778903041038,0.28249119154388214,0.3731782511210762,0.6398697556615336,0.6384614388439257,0.40943330421035073
Cap,/content/drive/My Drive/Batik/CNN/DataTrain/Cap/T-Cap  (196).jpg,0.7406791152991035,0.584581197950032,0.9176209160794362,0.35873821005696804,0.5856006525331486,0.12869310335487733
Cap,/content/drive/My Drive/Batik/CNN/DataTrain/Cap/T-Cap  (258).jpg,0.6667284031584347,0.7966848174247276,1.4574391415759131,0.38520097046277935,0.33046555532376676,0.148379787645467
Cap,/content/drive/My Drive/Batik/CNN/DataTrain/Cap/T-Cap  (164).jpg,0.957588461393526,0.08668321588725177,0.09601217168481743,0.8367830598174845,0.7952647956855655,0.7002058891975117
Cap,/content/drive/My Drive/Batik/CNN/DataTrain/Cap/T-Cap  (217).jpg,0.8858123798846893,0.2332439141575913,0.2575872837924407,0.5428676399701039,0.8068289551963106,0.29470527452671036
Cap,/content/drive/My Drive/Batik/CNN/DataTrain/Cap/T-Cap  (276).jpg,0.6611420538377475,0.8296965086483024,1.60556133888533,0.395524413131675,0.4120630468086169,0.15643956138315593
Cap,/content/drive/My Drive/Batik/CNN/DataTrain/Cap/T-Cap  (212).jpg,0.882303010890455,0.24099135169762975,0.2689782190903267,0.5417662577185143,0.7978039002928758,0.2935106780023236
Cap,/content/drive/My Drive/Batik/CNN/DataTrain/Cap/T-Cap  (193).jpg,0.7226964945170894,0.6200152146060218,0.9495715887251761,0.34287264987297983,0.5858932007501603,0.11756165403091903
Cap,/content/drive/My Drive/Batik/CNN/DataTrain/Cap/T-Cap  (150).jpg,0.84393876945397,0.3342208520179372,0.4449671684817425,0.5612301841568287,0.6260909833848363,0.3149793196087078
Cap,/content/drive/My Drive/Batik/CNN/DataTrain/Cap/T-Cap  (200).jpg,0.7329916810635947,0.6000360345932094,0.9331157911595132,0.34971809756072064,0.5841269145056658,0.12230274776148972
Cap,/content/drive/My Drive/Batik/CNN/DataTrain/Cap/T-Cap  (119).jpg,0.9223054131966689,0.15887251761691223,0.17628923766816146,0.6061036549876958,0.8948727721458049,0.36736164058944376
Cap,/content/drive/My Drive/Batik/CNN/DataTrain/Cap/T-Cap  (170).jpg,0.9562319827033953,0.08934577194106341,0.0983944586803331,0.8145030122091846,0.8233900104777165,0.6634151568978353
Cap,/content/drive/My Drive/Batik/CNN/DataTrain/Cap/T-Cap  (156).jpg,0.844969052643479,0.32907591287636134,0.42428731582319024,0.571861645537642,0.591577184560797,0.32702574163701964
Cap,/content/drive/My Drive/Batik/CNN/DataTrain/Cap/T-Cap  (169).jpg,0.9549907911595131,0.09242873158231903,0.10448030108904548,0.8020795825143432,0.8299059157403298,0.6433316566863831
Cap,/content/drive/My Drive/Batik/CNN/DataTrain/Cap/T-Cap  (185).jpg,0.7353939872775602,0.5864229660474054,0.8744995195387573,0.34261966380278036,0.6177519711772669,0.11738823402433023
Cap,/content/drive/My Drive/Batik/CNN/DataTrain/Cap/T-Cap  (158).jpg,0.9592068385650224,0.08358023702754645,0.09354980781550289,0.8490850588817,0.7727145067228792,0.72094543721614
Cap,/content/drive/My Drive/Batik/CNN/DataTrain/Cap/T-Cap  (163).jpg,0.9641055413196667,0.07331037796284434,0.08091768097373479,0.8533642337550982,0.8141400924919725,0.7282305154524258
Cap,/content/drive/My Drive/Batik/CNN/DataTrain/Cap/T-Cap  (176).jpg,0.9559669046990994,0.09036675208199871,0.10189782190903267,0.8414529870860558,0.7755767204003984,0.708043129476046
Cap,/content/drive/My Drive/Batik/CNN/DataTrain/Cap/T-Cap  (183).jpg,0.7730080334134343,0.5001000960922486,0.7322429532351057,0.37562885015459846,0.6685658607037448,0.14109703306846577
Cap,/content/drive/My Drive/Batik/CNN/DataTrain/Cap/T-Cap  (256).jpg,0.6820439477101637,0.7756846572709801,1.4838044522741831,0.4008423929680432,0.37276110071002716,0.16067462400034718
Cap,/content/drive/My Drive/Batik/CNN/DataTrain/Cap/T-Cap  (175).jpg,0.958265935297886,0.08606262011531068,0.0990350736707239,0.8585167536426128,0.7397790294258779,0.7370510162850508
Cap,/content/drive/My Drive/Batik/CNN/DataTrain/Cap/T-Cap  (223).jpg,0.8845331518257528,0.23674727738629084,0.26581518257527226,0.5240448666958377,0.8244837538584701,0.27462302231025837
Cap,/content/drive/My Drive/Batik/CNN/DataTrain/Cap/T-Cap  (243).jpg,0.6770650412631419,0.7560858424087123,1.310698270339526,0.3940857883769822,0.37888420411212237,0.15530360860070763
Cap,/content/drive/My Drive/Batik/CNN/DataTrain/Cap/T-Cap  (153).jpg,0.8488906997776691,0.3197469570787957,0.4076713645099296,0.5746878849111268,0.631269896742085,0.3302661650636245
Cap,/content/drive/My Drive/Batik/CNN/DataTrain/Cap/T-Cap  (255).jpg,0.6722767431394773,0.7976257206918642,1.5179972773862909,0.4076642755372634,0.40264908464201626,0.1661901615493218
Cap,/content/drive/My Drive/Batik/CNN/DataTrain/Cap/T-Cap  (147).jpg,0.8237780033538077,0.37638132607303015,0.49657671364509925,0.5347497831101514,0.6016647531287076,0.285957330536354
Cap,/content/drive/My Drive/Batik/CNN/DataTrain/Cap/T-Cap  (259).jpg,0.6935561396859536,0.7287195707879565,1.3158031710442024,0.4076099967199379,0.42672457403370984,0.1661459094260278
Cap,/content/drive/My Drive/Batik/CNN/DataTrain/Cap/T-Cap  (146).jpg,0.8359162443004108,0.3482343049327354,0.4488508968609866,0.5705727591246685,0.5809836952199751,0.325553273455137
Cap,/content/drive/My Drive/Batik/CNN/DataTrain/Cap/T-Cap  (165).jpg,0.9606482222934015,0.0810978539397822,0.0930693465727098,0.84252879057199,0.8050452332345492,0.7098547629427003
Cap,/content/drive/My Drive/Batik/CNN/DataTrain/Cap/T-Cap  (204).jpg,0.781164977201643,0.48330397181294044,0.7126040999359385,0.3896547940434471,0.667073015453474,0.1518308585210412
Cap,/content/drive/My Drive/Batik/CNN/DataTrain/Cap/T-Cap  (140).jpg,0.8485841702151712,0.32417120435618196,0.4314341768097374,0.5959674501983704,0.6097782226768959,0.35517720169594713
Cap,/content/drive/My Drive/Batik/CNN/DataTrain/Cap/T-Cap  (120).jpg,0.915907270980141,0.175208199871877,0.21032190903267134,0.6710943286373727,0.8559565896255278,0.450367597929246
Cap,/content/drive/My Drive/Batik/CNN/DataTrain/Cap/T-Cap  (189).jpg,0.7439271202616956,0.5746516655989751,0.889513933376041,0.346917582946929,0.6307007935840205,0.12035180935773934
Cap,/content/drive/My Drive/Batik/CNN/DataTrain/Cap/T-Cap  (155).jpg,0.8548912838678073,0.3095771941063421,0.4066303651505445,0.6206999503133449,0.6060224697049015,0.3852684283189889
Cap,/content/drive/My Drive/Batik/CNN/DataTrain/Cap/T-Cap  (159).jpg,0.9576473414477898,0.08708360025624601,0.09897501601537477,0.8357947638968463,0.7904458099387652,0.6985528873573851
Cap,/content/drive/My Drive/Batik/CNN/DataTrain/Cap/T-Cap  (199).jpg,0.736990823407666,0.5887251761691223,0.9052290198590648,0.36328828339527314,0.5917114755964906,0.1319783768522843
Cap,/content/drive/My Drive/Batik/CNN/DataTrain/Cap/T-Cap  (168).jpg,0.9618585606888496,0.07797485586162717,0.08646300448430494,0.8211202121219391,0.8437019997250014,0.6742384027551782
Cap,/content/drive/My Drive/Batik/CNN/DataTrain/Cap/T-Cap  (220).jpg,0.8995355541319667,0.20503683536194747,0.2255765534913517,0.5804879953731766,0.8181391940772542,0.33696631277236916
Cap,/content/drive/My Drive/Batik/CNN/DataTrain/Cap/T-Cap  (142).jpg,0.8559011945585409,0.3037315823190263,0.38148622677770666,0.6115774225957986,0.6072068164792949,0.37402694382892004
Cap,/content/drive/My Drive/Batik/CNN/DataTrain/Cap/T-Cap  (272).jpg,0.7110953574254814,0.6712844330557334,1.141175528507367,0.4039128881798301,0.403733341245092,0.16314562123777196
Cap,/content/drive/My Drive/Batik/CNN/DataTrain/Cap/T-Cap  (177).jpg,0.9570559501827637,0.08816463805253043,0.09957559256886611,0.8391894733610444,0.7960004730917629,0.7042389721999871
Cap,/content/drive/My Drive/Batik/CNN/DataTrain/Cap/T-Cap  (197).jpg,0.7505682015821161,0.5558536194746957,0.8432495195387573,0.3776039015029913,0.5784418706627217,0.14258470643028073
Cap,/content/drive/My Drive/Batik/CNN/DataTrain/Cap/T-Cap  (209).jpg,0.8874199231262012,0.22913997437540037,0.24903907751441381,0.5194663660884321,0.8185339963545067,0.26984530549712094
Cap,/content/drive/My Drive/Batik/CNN/DataTrain/Cap/T-Cap  (215).jpg,0.8859244875080077,0.23232303010890454,0.2531830557335042,0.5277445514635669,0.8102975687395076,0.2785143115994814
Cap,/content/drive/My Drive/Batik/CNN/DataTrain/Cap/T-Cap  (271).jpg,0.6371253326270143,0.8897541639974376,1.7236747277386288,0.3787123436814542,0.3023635229161821,0.14342303925669989
Cap,/content/drive/My Drive/Batik/CNN/DataTrain/Cap/T-Cap  (263).jpg,0.6323521259141809,0.8829676489429852,1.6288036515054451,0.36083496338061233,0.3065881195526636,0.13020187079788784
Cap,/content/drive/My Drive/Batik/CNN/DataTrain/Cap/T-Cap  (270).jpg,0.6887795813392622,0.7509208840486867,1.3996236386931455,0.40845462733978016,0.43585017706712514,0.16683518259527869
Cap,/content/drive/My Drive/Batik/CNN/DataTrain/Cap/T-Cap  (161).jpg,0.955765534913517,0.09108744394618835,0.10418001281229981,0.8454047057046815,0.7525173921302185,0.7147091164276191
Cap,/content/drive/My Drive/Batik/CNN/DataTrain/Cap/T-Cap  (171).jpg,0.9684697309417041,0.06470211402946828,0.0729099935938501,0.8830174491231152,0.7862104641323616,0.7797198154558934
Cap,/content/drive/My Drive/Batik/CNN/DataTrain/Cap/T-Cap  (181).jpg,0.7313319700940052,0.6067624919923127,0.957499199231262,0.3479895338819751,0.5792850377028703,0.1210967156913943
Cap,/content/drive/My Drive/Batik/CNN/DataTrain/Cap/T-Cap  (264).jpg,0.6975924308150304,0.7211122677770659,1.307915598975016,0.404924211966398,0.4003430657218375,0.16396361743660842
Cap,/content/drive/My Drive/Batik/CNN/DataTrain/Cap/T-Cap  (262).jpg,0.6797485314408619,0.7777266175528508,1.4748358424087122,0.41265018236026063,0.3760718182929807,0.17028017300195636
Cap,/content/drive/My Drive/Batik/CNN/DataTrain/Cap/T-Cap  (188).jpg,0.7248921498575284,0.6157110826393338,0.9459881486226778,0.33180611191524423,0.603467084844743,0.11009529590431157
Cap,/content/drive/My Drive/Batik/CNN/DataTrain/Cap/T-Cap  (211).jpg,0.8925108103779629,0.21866992312620112,0.23712764253683535,0.5581798983085318,0.8100756846513211,0.3115647988757228
Cap,/content/drive/My Drive/Batik/CNN/DataTrain/Cap/T-Cap  (248).jpg,0.6541134602340419,0.8368633888532991,1.573010089686099,0.3940459978455034,0.3614493279038256,0.1552722484180585
Cap,/content/drive/My Drive/Batik/CNN/DataTrain/Cap/T-Cap  (278).jpg,0.6606649532872825,0.8251521460602177,1.5669042280589367,0.3862454644179699,0.31788385246086986,0.14918555878345327
Cap,/content/drive/My Drive/Batik/CNN/DataTrain/Cap/T-Cap  (136).jpg,0.9026604363718581,0.20275464445868033,0.24327354260089687,0.6448371887421405,0.8372374141446073,0.41581499998486693
Cap,/content/drive/My Drive/Batik/CNN/DataTrain/Cap/T-Cap  (249).jpg,0.6864310643194843,0.7368673926969891,1.290118513773222,0.4126752873201952,0.40187201957603125,0.17030089276480567
Cap,/content/drive/My Drive/Batik/CNN/DataTrain/Cap/T-Cap  (242).jpg,0.6813786755647413,0.7685177770659833,1.4326753683536195,0.4083793508421016,0.4023510284995363,0.1667736941942163
Cap,/content/drive/My Drive/Batik/CNN/DataTrain/Cap/T-Cap  (203).jpg,0.7669299359964752,0.5217809096732864,0.8032110826393338,0.3924947404723509,0.6341410311876453,0.15405212129845808
Cap,/content/drive/My Drive/Batik/CNN/DataTrain/Cap/T-Cap  (167).jpg,0.9628895504390095,0.07579276105060857,0.083680333119795,0.8508475693454471,0.8077132285439881,0.7239415862610554
Cap,/content/drive/My Drive/Batik/CNN/DataTrain/Cap/T-Cap  (277).jpg,0.6926500028262426,0.7152266175528508,1.2199511531069827,0.3972605194628201,0.34935602129461246,0.15781592032386968
Cap,/content/drive/My Drive/Batik/CNN/DataTrain/Cap/T-Cap  (145).jpg,0.8358819761088292,0.34709320948110184,0.4414638052530429,0.559535789060661,0.594038772835139,0.3130802992397365
Cap,/content/drive/My Drive/Batik/CNN/DataTrain/Cap/T-Cap  (201).jpg,0.756017967293851,0.5451833760409994,0.8341007367072389,0.374226877154159,0.6142633388418748,0.140045755584554
Cap,/content/drive/My Drive/Batik/CNN/DataTrain/Cap/T-Cap  (178).jpg,0.9635790358744393,0.07485185778347214,0.08490150544522741,0.8730330257003915,0.7636007407663147,0.7621866639635805
Cap,/content/drive/My Drive/Batik/CNN/DataTrain/Cap/T-Cap  (261).jpg,0.6434925220519391,0.8502962844330556,1.542560858424087,0.3730079329127599,0.2883862119873926,0.13913491801584998
Cap,/content/drive/My Drive/Batik/CNN/DataTrain/Cap/T-Cap  (235).jpg,0.6724297225789246,0.763472934016656,1.3089165598975014,0.390794180392578,0.3662651208168997,0.1527200914287068
Cap,/content/drive/My Drive/Batik/CNN/DataTrain/Cap/T-Cap  (182).jpg,0.7521343476162454,0.55555333119795,0.8577234144778987,0.376919960854763,0.6016741342872102,0.14206865689075607
Cap,/content/drive/My Drive/Batik/CNN/DataTrain/Cap/T-Cap  (208).jpg,0.899939942344651,0.20443625880845612,0.22601697629724538,0.5706227346537516,0.8318522198439602,0.3256103053037258
Cap,/content/drive/My Drive/Batik/CNN/DataTrain/Cap/T-Cap  (137).jpg,0.9028926593058748,0.20083279948750798,0.23406470211402947,0.6531425308214016,0.8165498594394369,0.42659516556778554
Cap,/content/drive/My Drive/Batik/CNN/DataTrain/Cap/T-Cap  (143).jpg,0.8220875569958926,0.38076553491351695,0.5060057655349135,0.5549380326939195,0.5251339672471985,0.30795622013019763
Cap,/content/drive/My Drive/Batik/CNN/DataTrain/Cap/T-Cap  (227).jpg,0.8901425368353619,0.22345451633568225,0.242152466367713,0.5277281383004394,0.8246456289029238,0.27849698795404765
Cap,/content/drive/My Drive/Batik/CNN/DataTrain/Cap/T-Cap  (257).jpg,0.6625369857325475,0.7839726137091607,1.335141736066624,0.3848864482236526,0.3337100200083034,0.1481375780262184
Cap,/content/drive/My Drive/Batik/CNN/DataTrain/Cap/T-Cap  (198).jpg,0.760495496491111,0.5324511531069828,0.8019098334401025,0.3922619383731535,0.6551174457827704,0.15386942829626366
Cap,/content/drive/My Drive/Batik/CNN/DataTrain/Cap/T-Cap  (236).jpg,0.630907906884727,0.9074511531069827,1.7686378923766817,0.35920957894526323,0.28815494475493014,0.1290315216060333
Cap,/content/drive/My Drive/Batik/CNN/DataTrain/Cap/T-Cap  (274).jpg,0.6761519203231482,0.7655949711723253,1.362407911595131,0.39983647249549054,0.39214278304409567,0.15986920473763716
Cap,/content/drive/My Drive/Batik/CNN/DataTrain/Cap/T-Cap  (246).jpg,0.6681592156524563,0.7712003523382447,1.3116792120435619,0.38341808331795413,0.3169771206150382,0.14700942661521363
Cap,/content/drive/My Drive/Batik/CNN/DataTrain/Cap/T-Cap  (184).jpg,0.7382088071516982,0.588685137732223,0.9180012812299807,0.3623079172692569,0.5754379241853496,0.13126702691598668
Cap,/content/drive/My Drive/Batik/CNN/DataTrain/Cap/T-Cap  (195).jpg,0.7544724292787138,0.5492272581678411,0.8425488468930173,0.3763802788452903,0.6473789505771607,0.14166211430365847
Cap,/content/drive/My Drive/Batik/CNN/DataTrain/Cap/T-Cap  (216).jpg,0.8794814786901307,0.2469971172325433,0.2768257527226138,0.5094324964550534,0.8215837763171787,0.25952146844442797
Cap,/content/drive/My Drive/Batik/CNN/DataTrain/Cap/T-Cap  (160).jpg,0.9553010890454835,0.09212844330557333,0.10578155028827675,0.8461020781158772,0.7412108182554393,0.7158887265920061
Cap,/content/drive/My Drive/Batik/CNN/DataTrain/Cap/T-Cap  (135).jpg,0.9000779571918452,0.21116271620755928,0.2678971812940423,0.6102092623826669,0.848489714462332,0.3723553438975984
Cap,/content/drive/My Drive/Batik/CNN/DataTrain/Cap/T-Cap  (226).jpg,0.8894799007046766,0.2251161114670083,0.24549567584881488,0.544556562221034,0.8101922124310869,0.2965418494579909
Cap,/content/drive/My Drive/Batik/CNN/DataTrain/Cap/T-Cap  (269).jpg,0.6478849831584929,0.8374639654067906,1.51387331838565,0.3723849067797201,0.3676414745558756,0.1386705187973408
Cap,/content/drive/My Drive/Batik/CNN/DataTrain/Cap/T-Cap  (141).jpg,0.8486013631910163,0.32160874439461884,0.4157791479820628,0.6110799376042455,0.5646623855854102,0.3734186901424085
Cap,/content/drive/My Drive/Batik/CNN/DataTrain/Cap/T-Cap  (230).jpg,0.8896640775144138,0.22407511210762332,0.2410914477898783,0.5153557658903714,0.825665226144688,0.26559156543645124
Cap,/content/drive/My Drive/Batik/CNN/DataTrain/Cap/T-Cap  (179).jpg,0.9620856021780909,0.07765454836643178,0.0867833119795003,0.8271689070335048,0.8387662566704994,0.6842084007630028
Cap,/content/drive/My Drive/Batik/CNN/DataTrain/Cap/T-Cap  (231).jpg,0.8888893337604099,0.22653747597693785,0.24811819346572708,0.5133743422520253,0.8312250534453691,0.26355321528269954
Cap,/content/drive/My Drive/Batik/CNN/DataTrain/Cap/T-Cap  (194).jpg,0.7403494775799248,0.5848214285714286,0.9167801089045483,0.3542218660307148,0.5956050137915276,0.12547313037428168
Cap,/content/drive/My Drive/Batik/CNN/DataTrain/Cap/T-Cap  (273).jpg,0.6562584424939345,0.8109785393978218,1.4356582319026265,0.38344062459310607,0.3077464216108102,0.1470267125883513
Cap,/content/drive/My Drive/Batik/CNN/DataTrain/Cap/T-Cap  (174).jpg,0.9593369634849455,0.08372037155669443,0.09569186418962204,0.834491096038794,0.8187370014136934,0.6963753893680277
Cap,/content/drive/My Drive/Batik/CNN/DataTrain/Cap/T-Cap  (237).jpg,0.6758955112745338,0.7546644778987828,1.2900584561178732,0.3940509692119179,0.3639107175285195,0.15527616633685187
Cap,/content/drive/My Drive/Batik/CNN/DataTrain/Cap/T-Cap  (152).jpg,0.8420397699438519,0.3355421204356182,0.4338765214606021,0.5782579689102605,0.5686025200915688,0.33438227860821984
Cap,/content/drive/My Drive/Batik/CNN/DataTrain/Cap/T-Cap  (187).jpg,0.7237823785947631,0.616872197309417,0.942224535554132,0.3444472705485746,0.5716061771957316,0.11864392218836295
Cap,/content/drive/My Drive/Batik/CNN/DataTrain/Cap/T-Cap  (172).jpg,0.9611587123638693,0.08023702754644459,0.09300928891736068,0.8530697823676069,0.7810485433878969,0.7277280535887162
Cap,/content/drive/My Drive/Batik/CNN/DataTrain/Cap/T-Cap  (245).jpg,0.6836457750571769,0.7553851697629724,1.3732983664317744,0.40964781642943665,0.42184122162771975,0.16781133350540545
Cap,/content/drive/My Drive/Batik/CNN/DataTrain/Cap/T-Cap  (233).jpg,0.6891673472597042,0.7272381486226778,1.2597493593850098,0.39950152306066294,0.4227816524700915,0.15960146692778943
Cap,/content/drive/My Drive/Batik/CNN/DataTrain/Cap/T-Cap  (162).jpg,0.9672605701473415,0.06662395900064062,0.07234945547725817,0.8650981615697122,0.8210744051088559,0.748394829151296
Cap,/content/drive/My Drive/Batik/CNN/DataTrain/Cap/T-Cap  (157).jpg,0.8486288012963032,0.32218930172966054,0.41976297245355537,0.5955100104467353,0.6037871455875384,0.35463217254227086
Cap,/content/drive/My Drive/Batik/CNN/DataTrain/Cap/T-Cap  (148).jpg,0.8555295436560274,0.31017777065983343,0.4165598975016015,0.5638882816193441,0.6811279883167597,0.31796999414761673
Cap,/content/drive/My Drive/Batik/CNN/DataTrain/Cap/T-Cap  (221).jpg,0.9079916720051249,0.18693946188340807,0.20155349135169767,0.5720046072035079,0.836068766830892,0.3271892706620393
Cap,/content/drive/My Drive/Batik/CNN/DataTrain/Cap/T-Cap  (191).jpg,0.7622219774422359,0.535834401024984,0.8404067905188981,0.39973364300767894,0.6360554253319032,0.15978698535219052
Cap,/content/drive/My Drive/Batik/CNN/DataTrain/Cap/T-Cap  (149).jpg,0.8415727967627203,0.3372037155669443,0.4393818065342729,0.5792496275587953,0.6038796223796058,0.3355301310270031
Cap,/content/drive/My Drive/Batik/CNN/DataTrain/Cap/T-Cap  (275).jpg,0.7015934392038982,0.7058376040999359,1.2602898782831518,0.4271186999056254,0.4572687132928505,0.1824303838090717
Cap,/content/drive/My Drive/Batik/CNN/DataTrain/Cap/T-Cap  (173).jpg,0.9632939386516938,0.07523222293401666,0.08436098654708522,0.8552418526177156,0.8051482466834281,0.7314386264689824
Cap,/content/drive/My Drive/Batik/CNN/DataTrain/Cap/T-Cap  (214).jpg,0.878751601537476,0.2477978859705317,0.2743033311979501,0.5468393448606157,0.7823127022999302,0.29903326908758737
Cap,/content/drive/My Drive/Batik/CNN/DataTrain/Cap/T-Cap  (151).jpg,0.8417174605268116,0.3395659833440103,0.455277065983344,0.5685951872653121,0.6159621253452364,0.32330048698127534
Cap,/content/drive/My Drive/Batik/CNN/DataTrain/Cap/T-Cap  (239).jpg,0.6903841986950006,0.7468369634849457,1.3920163356822552,0.3988575780034035,0.4179385873423135,0.1590873675307411
Cap,/content/drive/My Drive/Batik/CNN/DataTrain/Cap/T-Cap  (222).jpg,0.8902786675208201,0.22333440102498403,0.2427930813581038,0.5501365575226191,0.8075152510113264,0.3026502319228381
Cap,/content/drive/My Drive/Batik/CNN/DataTrain/Cap/T-Cap  (250).jpg,0.6879425424878473,0.7197309417040358,1.200552530429212,0.3910135155057961,0.3581203398394689,0.15289156930820144
Cap,/content/drive/My Drive/Batik/CNN/DataTrain/Cap/T-Cap  (206).jpg,0.9075232222934015,0.18826073030108909,0.20479660474055095,0.5826538596188923,0.8346604549878026,0.33948552012879185
Cap,/content/drive/My Drive/Batik/CNN/DataTrain/Cap/T-Cap  (253).jpg,0.6919973763047819,0.7168281550288278,1.2230341127482385,0.4175261136815607,0.3255676734595425,0.17432805560602752
Cap,/content/drive/My Drive/Batik/CNN/DataTrain/Cap/T-Cap  (267).jpg,0.6842187413944535,0.7538637091607943,1.3708960602178093,0.4052247473820557,0.3830229405359204,0.16420709589085086
Cap,/content/drive/My Drive/Batik/CNN/DataTrain/Cap/T-Cap  (139).jpg,0.8343141180238912,0.3541800128122999,0.4687299807815503,0.5778370870965571,0.554691965272483,0.3338956992242342
Cap,/content/drive/My Drive/Batik/CNN/DataTrain/Cap/T-Cap  (133).jpg,0.9062323359837209,0.19426649583600256,0.22797885970531712,0.5827746960750948,0.8818485510544534,0.33962634638541916
Cap,/content/drive/My Drive/Batik/CNN/DataTrain/Cap/T-Cap  (180).jpg,0.7428323045327134,0.5721893017296604,0.8639894298526585,0.36820297995761275,0.5908498025361203,0.13557343444966616
Cap,/content/drive/My Drive/Batik/CNN/DataTrain/Cap/T-Cap  (268).jpg,0.6380491244445345,0.8663917360666239,1.5859224855861624,0.3666742523070016,0.2967558650026704,0.13445000730489867
Cap,/content/drive/My Drive/Batik/CNN/DataTrain/Cap/T-Cap  (202).jpg,0.7532656689788713,0.5462043561819345,0.8116992312620115,0.37415497901832456,0.6179628813194474,0.1399919483242029
Cap,/content/drive/My Drive/Batik/CNN/DataTrain/Cap/T-Cap  (213).jpg,0.8847533632286997,0.2349855861627162,0.25744714926329276,0.49571304225410884,0.826727097123847,0.24573142026082387
Cap,/content/drive/My Drive/Batik/CNN/DataTrain/Cap/T-Cap  (229).jpg,0.8850668406376003,0.23490550928891735,0.26012972453555416,0.5081284691561292,0.818667522191701,0.25819454116695134
Cap,/content/drive/My Drive/Batik/CNN/DataTrain/Cap/T-Cap  (260).jpg,0.6348728806803853,0.8810858424087125,1.644738949391416,0.36692960578643485,0.3003160641622415,0.13463733560258848
Cap,/content/drive/My Drive/Batik/CNN/DataTrain/Cap/T-Cap  (251).jpg,0.6329003082778472,0.8928571428571429,1.6946268417680974,0.3650536118595046,0.3432685466133091,0.13326413953166982
Cap,/content/drive/My Drive/Batik/CNN/DataTrain/Cap/T-Cap  (225).jpg,0.8651985906470211,0.2757847533632287,0.3066944266495836,0.4842722746222022,0.8058629845612966,0.2345196359677616
Tulis,/content/drive/My Drive/Batik/CNN/DataTrain/Tulis/T-Tulis  (11).jpg,0.8188049939706825,0.3924367392696989,0.5434617232543241,0.5483333777272769,0.6122176940227283,0.30066949312980445
Tulis,/content/drive/My Drive/Batik/CNN/DataTrain/Tulis/T-Tulis  (36).jpg,0.7402285107730572,0.5993553811659192,1.0099495515695067,0.3808728204942849,0.689436382861514,0.14506410539127176
Tulis,/content/drive/My Drive/Batik/CNN/DataTrain/Tulis/T-Tulis  (53).jpg,0.7028311432368739,0.6796324471492633,1.111046604740551,0.2789370530834879,0.8050660153551342,0.07780587958290054
Tulis,/content/drive/My Drive/Batik/CNN/DataTrain/Tulis/T-Tulis  (7).jpg,0.8541323199683459,0.31336082639333757,0.4215446828955798,0.6352168065198741,0.6083740787235694,0.4035003912853072
Tulis,/content/drive/My Drive/Batik/CNN/DataTrain/Tulis/T-Tulis  (19).jpg,0.8053883492859027,0.4229460281870596,0.5920683856502241,0.5514222151621657,0.5264028027762717,0.30406645937434973
Tulis,/content/drive/My Drive/Batik/CNN/DataTrain/Tulis/T-Tulis  (17).jpg,0.7754298968638852,0.5060858424087123,0.7959240871236386,0.49066175653668814,0.5810359426829621,0.24074895932766824
Tulis,/content/drive/My Drive/Batik/CNN/DataTrain/Tulis/T-Tulis  (49).jpg,0.720784722564431,0.6599335361947469,1.176669602818706,0.3449927627114849,0.6979580452078941,0.11902000632330292
Tulis,/content/drive/My Drive/Batik/CNN/DataTrain/Tulis/T-Tulis  (40).jpg,0.785140857395045,0.45797966047405514,0.6003963805253043,0.42691899242765896,0.6690564448338213,0.18225982609544752
Tulis,/content/drive/My Drive/Batik/CNN/DataTrain/Tulis/T-Tulis  (3).jpg,0.806887082187135,0.42076393337604096,0.5948110185778347,0.5495856960980419,0.5457451348433375,0.30204443735556924
Tulis,/content/drive/My Drive/Batik/CNN/DataTrain/Tulis/T-Tulis  (6).jpg,0.8029753269020612,0.4282110826393337,0.5994154388212685,0.5508283754692564,0.5242128894997863,0.30341189922210016
Tulis,/content/drive/My Drive/Batik/CNN/DataTrain/Tulis/T-Tulis  (5).jpg,0.832843058748163,0.3561018577834721,0.4651265214606021,0.5900172124348431,0.5336939413389813,0.3481203109693827
Tulis,/content/drive/My Drive/Batik/CNN/DataTrain/Tulis/T-Tulis  (26).jpg,0.7835713506685874,0.46294442664958363,0.6144899103139014,0.4288548590883365,0.6497182061595367,0.18391649016367695
Tulis,/content/drive/My Drive/Batik/CNN/DataTrain/Tulis/T-Tulis  (38).jpg,0.8012695717300373,0.4322349455477259,0.6080837604099936,0.47381271807166425,0.6980140489666529,0.22449849180645837
Tulis,/content/drive/My Drive/Batik/CNN/DataTrain/Tulis/T-Tulis  (23).jpg,0.7907611397439278,0.44867072389493917,0.601177130044843,0.42932668589732936,0.672978358874865,0.18432140322358412
Tulis,/content/drive/My Drive/Batik/CNN/DataTrain/Tulis/T-Tulis  (37).jpg,0.8394337387421337,0.33662315823190264,0.4142176489429853,0.5322333889435747,0.6887391546268865,0.28327238030636254
Tulis,/content/drive/My Drive/Batik/CNN/DataTrain/Tulis/T-Tulis  (18).jpg,0.8200155678863474,0.39175608584240873,0.5512291800128124,0.5643759914723956,0.5828281281348883,0.3185202597504495
Tulis,/content/drive/My Drive/Batik/CNN/DataTrain/Tulis/T-Tulis  (34).jpg,0.784826673425493,0.458059737347854,0.5975936899423447,0.42137090522615633,0.6582226185816626,0.17755343977111043
Tulis,/content/drive/My Drive/Batik/CNN/DataTrain/Tulis/T-Tulis  (50).jpg,0.7328524795568452,0.6154308135810378,1.0267056374119155,0.34934383989756573,0.7489608033367923,0.12204111847437603
Tulis,/content/drive/My Drive/Batik/CNN/DataTrain/Tulis/T-Tulis  (54).jpg,0.7022218433768815,0.6944266495836002,1.195908071748879,0.34836820770252924,0.733772979646291,0.12136040813787256
Tulis,/content/drive/My Drive/Batik/CNN/DataTrain/Tulis/T-Tulis  (2).jpg,0.8398953583675621,0.3428691543882127,0.4563380845611787,0.584439834590399,0.5972843595191536,0.34156992025605304
Tulis,/content/drive/My Drive/Batik/CNN/DataTrain/Tulis/T-Tulis  (10).jpg,0.78216983326618,0.4963965406790519,0.8081758488148623,0.48431071702367484,0.6309521167423,0.23455687062398606
Tulis,/content/drive/My Drive/Batik/CNN/DataTrain/Tulis/T-Tulis  (32).jpg,0.8121764676895249,0.40606982703395256,0.5602978859705318,0.4729438693916964,0.7704346235576194,0.22367590359519
Tulis,/content/drive/My Drive/Batik/CNN/DataTrain/Tulis/T-Tulis  (13).jpg,0.8250387068418261,0.3821068225496477,0.5449031069827034,0.5633662873501477,0.6185186710624294,0.3173815737226892
Tulis,/content/drive/My Drive/Batik/CNN/DataTrain/Tulis/T-Tulis  (22).jpg,0.7992971533214873,0.42576873798846887,0.548326393337604,0.4357336309168476,0.6774846165247012,0.18986379711197957
Tulis,/content/drive/My Drive/Batik/CNN/DataTrain/Tulis/T-Tulis  (20).jpg,0.7988226978442292,0.4538557014734145,0.7171484625240231,0.5188624500899306,0.6186065126958358,0.26921824211332573
Tulis,/content/drive/My Drive/Batik/CNN/DataTrain/Tulis/T-Tulis  (28).jpg,0.8242913196668804,0.3705957719410635,0.46696828955797565,0.5082030367925292,0.6824413318058222,0.2582703266051488
Tulis,/content/drive/My Drive/Batik/CNN/DataTrain/Tulis/T-Tulis  (12).jpg,0.8011426897423336,0.4375400384368994,0.6386531069827034,0.5409684785036112,0.5726082180663162,0.292646894734512
Tulis,/content/drive/My Drive/Batik/CNN/DataTrain/Tulis/T-Tulis  (14).jpg,0.8135649680707052,0.4119955156950673,0.6113468930172966,0.537996283680941,0.6316712313554674,0.28944000125450353
Tulis,/content/drive/My Drive/Batik/CNN/DataTrain/Tulis/T-Tulis  (56).jpg,0.7223249613746843,0.6308055733504164,1.0110506085842408,0.33598276331805327,0.7776869687931086,0.11288441724683498
Tulis,/content/drive/My Drive/Batik/CNN/DataTrain/Tulis/T-Tulis  (39).jpg,0.7983878641142557,0.4281310057655349,0.5533712363869314,0.42916587082200763,0.6785745264430748,0.18418334467841213
Tulis,/content/drive/My Drive/Batik/CNN/DataTrain/Tulis/T-Tulis  (15).jpg,0.8361703706146135,0.35275864830237025,0.4786795323510569,0.5969218274633928,0.5737312481366755,0.3563156681022365
Tulis,/content/drive/My Drive/Batik/CNN/DataTrain/Tulis/T-Tulis  (35).jpg,0.803421420310104,0.4322149263292761,0.6304452274183217,0.45323093825402083,0.7995839104214498,0.20541828339062004
Tulis,/content/drive/My Drive/Batik/CNN/DataTrain/Tulis/T-Tulis  (29).jpg,0.8088807608245092,0.4149583600256246,0.5797165278667521,0.483403648817132,0.7151369781364396,0.23367908768971707
Tulis,/content/drive/My Drive/Batik/CNN/DataTrain/Tulis/T-Tulis  (24).jpg,0.7692927744571441,0.4953355221012172,0.6667801089045484,0.40778640275011685,0.6531172485352584,0.1662897502678805
Tulis,/content/drive/My Drive/Batik/CNN/DataTrain/Tulis/T-Tulis  (4).jpg,0.8213182302068809,0.38458920563741195,0.5210001601537476,0.5604638932852978,0.579721888445432,0.3141197756765136
Tulis,/content/drive/My Drive/Batik/CNN/DataTrain/Tulis/T-Tulis  (8).jpg,0.8457698213814673,0.3311579115951313,0.444786995515695,0.6167508993509483,0.6116093774943814,0.38038167185020355
Tulis,/content/drive/My Drive/Batik/CNN/DataTrain/Tulis/T-Tulis  (52).jpg,0.7165257017777791,0.653887732222934,1.09375,0.33982565236067463,0.7566779966601087,0.1154814740023581
Tulis,/content/drive/My Drive/Batik/CNN/DataTrain/Tulis/T-Tulis  (30).jpg,0.8200818758859183,0.3787836322869956,0.4743553811659192,0.5005601898377943,0.671156000131534,0.2505605036504487
Tulis,/content/drive/My Drive/Batik/CNN/DataTrain/Tulis/T-Tulis  (43).jpg,0.7331922265284175,0.6113068545803972,1.004724535554132,0.33366514660921814,0.7947538809708582,0.11133243006175103
Tulis,/content/drive/My Drive/Batik/CNN/DataTrain/Tulis/T-Tulis  (16).jpg,0.8353558239439273,0.358544202434337,0.5054452274183217,0.5964470047525536,0.5881473279566164,0.35574902947829273
Tulis,/content/drive/My Drive/Batik/CNN/DataTrain/Tulis/T-Tulis  (42).jpg,0.7261356331942919,0.6421164317745035,1.12221732863549,0.3600878308615092,0.7160446058165263,0.12966324593454687
Tulis,/content/drive/My Drive/Batik/CNN/DataTrain/Tulis/T-Tulis  (31).jpg,0.8309005061148295,0.36022581678411275,0.4724535554131967,0.5085598793587669,0.7462730322334927,0.2586331508934035
Tulis,/content/drive/My Drive/Batik/CNN/DataTrain/Tulis/T-Tulis  (21).jpg,0.8293813825978822,0.3667921204356182,0.49507527226137094,0.583151809891071,0.570819884367756,0.3400660333792318
Tulis,/content/drive/My Drive/Batik/CNN/DataTrain/Tulis/T-Tulis  (51).jpg,0.701404606340639,0.696108263933376,1.1985906470211405,0.31106252011067786,0.7634859052316225,0.09675989141760587
Tulis,/content/drive/My Drive/Batik/CNN/DataTrain/Tulis/T-Tulis  (41).jpg,0.8155790192068549,0.3891936258808456,0.49189221652786674,0.4715175627915114,0.690114839752116,0.2223288120208469
Tulis,/content/drive/My Drive/Batik/CNN/DataTrain/Tulis/T-Tulis  (9).jpg,0.8098669564410793,0.4245675848814862,0.6483023702754644,0.5451126470011469,0.629527540038636,0.29714779792059703
Tulis,/content/drive/My Drive/Batik/CNN/DataTrain/Tulis/T-Tulis  (25).jpg,0.7734419250625397,0.48490550928891735,0.64513933376041,0.41272073458120856,0.653165024004978,0.1703384047532524
Tulis,/content/drive/My Drive/Batik/CNN/DataTrain/Tulis/T-Tulis  (55).jpg,0.7275770078642012,0.6190743113388854,0.9944346572709801,0.3172318515933353,0.8173033363822628,0.1006360476653359
Tulis,/content/drive/My Drive/Batik/CNN/DataTrain/Tulis/T-Tulis  (27).jpg,0.8165888664882994,0.3889333760409993,0.5002802690582959,0.4651254556173726,0.7001169232003457,0.21634168946326848
Tulis,/content/drive/My Drive/Batik/CNN/DataTrain/Tulis/T-Tulis  (33).jpg,0.8117073657679698,0.4104740550928891,0.5822789878283152,0.48026733171204034,0.7553936646460357,0.230656709909803
Tulis,/content/drive/My Drive/Batik/CNN/DataTrain/Tulis/T-Tulis  (212).jpg,0.8417120435618193,0.32415118513773217,0.3620275464445868,0.4326230413269298,0.7669316680048205,0.1871626958869624
Tulis,/content/drive/My Drive/Batik/CNN/DataTrain/Tulis/T-Tulis  (219).jpg,0.8069752845084222,0.4128963805253043,0.5473854900704677,0.5104976518071404,0.5203199136581298,0.2606078525006043
Tulis,/content/drive/My Drive/Batik/CNN/DataTrain/Tulis/T-Tulis  (193).jpg,0.8319606822549648,0.34527146060217806,0.39123558616271625,0.42403109182991355,0.7506385189737115,0.1798023668384686
Tulis,/content/drive/My Drive/Batik/CNN/DataTrain/Tulis/T-Tulis  (71).jpg,0.7662307579982666,0.5360145739910314,0.8803451313260731,0.34287904346132514,0.8071563732175364,0.1175660384449533
Tulis,/content/drive/My Drive/Batik/CNN/DataTrain/Tulis/T-Tulis  (69).jpg,0.7659769849643894,0.524863869314542,0.809857463164638,0.3268687817431096,0.8454195713024506,0.10684320047822463
Tulis,/content/drive/My Drive/Batik/CNN/DataTrain/Tulis/T-Tulis  (63).jpg,0.721252003733539,0.6523862908392055,1.133247918001281,0.3381909765443485,0.7452097984680297,0.11437313661602005
Tulis,/content/drive/My Drive/Batik/CNN/DataTrain/Tulis/T-Tulis  (248).jpg,0.7753080604439084,0.48878923766816146,0.6860986547085202,0.49323265100231417,0.43960676939197013,0.24327844801477064
Tulis,/content/drive/My Drive/Batik/CNN/DataTrain/Tulis/T-Tulis  (232).jpg,0.7460250075366469,0.5640815182575273,0.8456718449711723,0.4219449727581234,0.526978317208587,0.17803756003585353
Tulis,/content/drive/My Drive/Batik/CNN/DataTrain/Tulis/T-Tulis  (82).jpg,0.7555459757204019,0.553331197950032,0.8771220371556694,0.2998860013697779,0.8545459096222294,0.08993161381755442
Tulis,/content/drive/My Drive/Batik/CNN/DataTrain/Tulis/T-Tulis  (215).jpg,0.8090213301602118,0.41672005124919925,0.5924087123638694,0.544488056695503,0.39147564306336075,0.2964672438840454
Tulis,/content/drive/My Drive/Batik/CNN/DataTrain/Tulis/T-Tulis  (140).jpg,0.793348791310246,0.43379644458680333,0.5362948430493273,0.42958389446623163,0.598907116038563,0.18454232238477444
Tulis,/content/drive/My Drive/Batik/CNN/DataTrain/Tulis/T-Tulis  (147).jpg,0.7949774136111845,0.4313941383728379,0.5383368033311979,0.4352858203205231,0.6167770600703252,0.1894737453721107
Tulis,/content/drive/My Drive/Batik/CNN/DataTrain/Tulis/T-Tulis  (155).jpg,0.8843389654067905,0.23352418321588722,0.2445347533632287,0.5012188155420675,0.8068806046342885,0.25122030105339305
Tulis,/content/drive/My Drive/Batik/CNN/DataTrain/Tulis/T-Tulis  (133).jpg,0.7827781729283642,0.4562179692504805,0.5652025944907111,0.4199323931951595,0.6098681214932546,0.17634321485461407
Tulis,/content/drive/My Drive/Batik/CNN/DataTrain/Tulis/T-Tulis  (251).jpg,0.7758236141990428,0.49359385009609213,0.7202514413837284,0.48794516403318233,0.4601362916629149,0.23809048310336922
Tulis,/content/drive/My Drive/Batik/CNN/DataTrain/Tulis/T-Tulis  (134).jpg,0.7716162810415645,0.4766976297245355,0.5764333760409993,0.41145080698976294,0.592032469136766,0.16929176657252717
Tulis,/content/drive/My Drive/Batik/CNN/DataTrain/Tulis/T-Tulis  (201).jpg,0.8373818866111467,0.33382046764894296,0.37674167200512493,0.42521902179942866,0.761644515995478,0.180811216500063
Tulis,/content/drive/My Drive/Batik/CNN/DataTrain/Tulis/T-Tulis  (80).jpg,0.7332032869201492,0.6137692184497117,1.017276585522101,0.31760551206944193,0.7924351865966681,0.10087326129689242
Tulis,/content/drive/My Drive/Batik/CNN/DataTrain/Tulis/T-Tulis  (175).jpg,0.7633204346761127,0.508748398462524,0.6861186739269699,0.3744794842672613,0.6761689701065268,0.140234884137074
Tulis,/content/drive/My Drive/Batik/CNN/DataTrain/Tulis/T-Tulis  (48).jpg,0.7021044456071495,0.7000320307495196,1.2295403587443947,0.3391445688087527,0.7004820491213671,0.11501903855247482
Tulis,/content/drive/My Drive/Batik/CNN/DataTrain/Tulis/T-Tulis  (243).jpg,0.804686145758752,0.41996316463805256,0.5670643818065343,0.5372312711416359,0.40316655960995396,0.28861743869245793
Tulis,/content/drive/My Drive/Batik/CNN/DataTrain/Tulis/T-Tulis  (111).jpg,0.8171605918152014,0.41533872517616915,0.665418802049968,0.4878613102867701,0.8252057747585262,0.23800865807472418
Tulis,/content/drive/My Drive/Batik/CNN/DataTrain/Tulis/T-Tulis  (169).jpg,0.8946248398462524,0.21270419602818708,0.22247357463164638,0.5162564003115175,0.8179789667870497,0.2665206708626059
Tulis,/content/drive/My Drive/Batik/CNN/DataTrain/Tulis/T-Tulis  (170).jpg,0.8883988629083921,0.2256766495836003,0.23804852658552214,0.5179727318889659,0.8116309656100598,0.2682957509805185
Tulis,/content/drive/My Drive/Batik/CNN/DataTrain/Tulis/T-Tulis  (86).jpg,0.7588408401477182,0.5429011851377322,0.8468329596412555,0.3153126835100316,0.8437246980875707,0.09942208838229735
Tulis,/content/drive/My Drive/Batik/CNN/DataTrain/Tulis/T-Tulis  (129).jpg,0.7852763358706711,0.48828875720691867,0.7848134208840487,0.4114497482080744,0.8354355593971955,0.16929089530048783
Tulis,/content/drive/My Drive/Batik/CNN/DataTrain/Tulis/T-Tulis  (159).jpg,0.8683376040999359,0.2672165278667521,0.28667520819987186,0.4584186254826718,0.7974188110273056,0.21014763618942214
Tulis,/content/drive/My Drive/Batik/CNN/DataTrain/Tulis/T-Tulis  (163).jpg,0.8672305413196668,0.2682375080076874,0.2817304612427931,0.48149760688038196,0.7871194760839769,0.23183994543153483
Tulis,/content/drive/My Drive/Batik/CNN/DataTrain/Tulis/T-Tulis  (114).jpg,0.8289756990240041,0.38346812940422803,0.59166800128123,0.4671769659845295,0.8518451144868562,0.21825431754651026
Tulis,/content/drive/My Drive/Batik/CNN/DataTrain/Tulis/T-Tulis  (194).jpg,0.8247097213324792,0.3598054131966688,0.4059296925048046,0.42477704215134443,0.7440729541500919,0.18043553553884506
Tulis,/content/drive/My Drive/Batik/CNN/DataTrain/Tulis/T-Tulis  (57).jpg,0.7400704767074129,0.611046604740551,1.0738108584240873,0.36837167984859054,0.7328401662899778,0.1356976945144725
Tulis,/content/drive/My Drive/Batik/CNN/DataTrain/Tulis/T-Tulis  (156).jpg,0.8742973254324151,0.2543842088404869,0.2692785073670724,0.4953776053338411,0.7690702108338839,0.24539897186629084
Tulis,/content/drive/My Drive/Batik/CNN/DataTrain/Tulis/T-Tulis  (185).jpg,0.7637669810076496,0.5101497437540039,0.6993313581037796,0.37455596066363983,0.689800718962243,0.14029216766866212
Tulis,/content/drive/My Drive/Batik/CNN/DataTrain/Tulis/T-Tulis  (59).jpg,0.724239740739345,0.6350096092248558,1.0581358103779628,0.34748957452875817,0.7531037249327107,0.12074900440617739
Tulis,/content/drive/My Drive/Batik/CNN/DataTrain/Tulis/T-Tulis  (226).jpg,0.8177981450427704,0.38915358744394624,0.5130725496476618,0.5726492710049165,0.3638416791675191,0.32792718758246225
Tulis,/content/drive/My Drive/Batik/CNN/DataTrain/Tulis/T-Tulis  (224).jpg,0.794667115725214,0.44734945547725824,0.6309657270980141,0.4931098461411081,0.5612073883337632,0.24315732036130727
Tulis,/content/drive/My Drive/Batik/CNN/DataTrain/Tulis/T-Tulis  (173).jpg,0.7660101389641747,0.5186178731582319,0.773822869955157,0.3838281072782262,0.6499120238147937,0.1473240159367855
Tulis,/content/drive/My Drive/Batik/CNN/DataTrain/Tulis/T-Tulis  (67).jpg,0.7555388467046011,0.5489069506726457,0.8498758808456117,0.309862588859594,0.8435464569348909,0.09601482397476979
Tulis,/content/drive/My Drive/Batik/CNN/DataTrain/Tulis/T-Tulis  (162).jpg,0.8799907911595131,0.2442544843049327,0.26543481742472774,0.4574240362348145,0.8113249720120695,0.20923674892534888
Tulis,/content/drive/My Drive/Batik/CNN/DataTrain/Tulis/T-Tulis  (139).jpg,0.8053169866601351,0.4089325752722614,0.5069066303651506,0.4246540217639057,0.68190231056563,0.1803310382002597
Tulis,/content/drive/My Drive/Batik/CNN/DataTrain/Tulis/T-Tulis  (145).jpg,0.8010110882918191,0.4180813581037796,0.5189381806534272,0.41959046410658335,0.644541057857784,0.176056157569178
Tulis,/content/drive/My Drive/Batik/CNN/DataTrain/Tulis/T-Tulis  (100).jpg,0.6661098364837483,0.7855541319666881,1.3852498398462525,0.24118990717918207,0.7817249662018876,0.058172571325102465
Tulis,/content/drive/My Drive/Batik/CNN/DataTrain/Tulis/T-Tulis  (151).jpg,0.8818345611787316,0.23938981422165279,0.2546844971172325,0.4966132557475266,0.7910861896679547,0.2466247257841583
Tulis,/content/drive/My Drive/Batik/CNN/DataTrain/Tulis/T-Tulis  (1).jpg,0.8025319600934544,0.4263492953235106,0.5835001601537476,0.522185061638847,0.43760637041798583,0.2726772385987665
Tulis,/content/drive/My Drive/Batik/CNN/DataTrain/Tulis/T-Tulis  (202).jpg,0.8357883568225497,0.33794442664958363,0.38555012812299805,0.4432754865467921,0.7421141019574318,0.19649315697329525
Tulis,/content/drive/My Drive/Batik/CNN/DataTrain/Tulis/T-Tulis  (178).jpg,0.7699409713868299,0.505765534913517,0.7357062780269058,0.38813179777734386,0.656584020040471,0.15064629244587296
Tulis,/content/drive/My Drive/Batik/CNN/DataTrain/Tulis/T-Tulis  (70).jpg,0.7891028328371708,0.476877802690583,0.7536234785393978,0.33814743900645994,0.8703956737979632,0.11434369050662754
Tulis,/content/drive/My Drive/Batik/CNN/DataTrain/Tulis/T-Tulis  (165).jpg,0.8711563100576553,0.25984945547725813,0.27065983344010247,0.5084612472833239,0.7494132197268496,0.2585328399889134
Tulis,/content/drive/My Drive/Batik/CNN/DataTrain/Tulis/T-Tulis  (103).jpg,0.6580841589826686,0.8240711082639334,1.5424007046764896,0.24254546320874684,0.7516703842400475,0.05882830172314557
Tulis,/content/drive/My Drive/Batik/CNN/DataTrain/Tulis/T-Tulis  (138).jpg,0.7744566548592531,0.4703315182575272,0.5665839205637412,0.4206929266899326,0.5820495937377108,0.176982538566941
Tulis,/content/drive/My Drive/Batik/CNN/DataTrain/Tulis/T-Tulis  (84).jpg,0.7687959264423257,0.5217408712363869,0.8195067264573992,0.3306937726782867,0.8440804298045591,0.10935837128819836
Tulis,/content/drive/My Drive/Batik/CNN/DataTrain/Tulis/T-Tulis  (128).jpg,0.8269502251573275,0.3878323190262652,0.5975136130685458,0.48440898475205196,0.8444916256030256,0.23465206450851372
Tulis,/content/drive/My Drive/Batik/CNN/DataTrain/Tulis/T-Tulis  (79).jpg,0.74201032991672,0.5839806213965406,0.9254284112748239,0.31538518820480893,0.820243184208823,0.09946781693898274
Tulis,/content/drive/My Drive/Batik/CNN/DataTrain/Tulis/T-Tulis  (66).jpg,0.7496661500923238,0.5705677450352338,0.9219050288276746,0.3130684763183916,0.8336746297895626,0.09801187086431931
Tulis,/content/drive/My Drive/Batik/CNN/DataTrain/Tulis/T-Tulis  (83).jpg,0.7446311988921129,0.5823790839205638,0.942084401024984,0.3206018901550663,0.8175556732133445,0.1027855719710012
Tulis,/content/drive/My Drive/Batik/CNN/DataTrain/Tulis/T-Tulis  (241).jpg,0.8033747691901871,0.4260490070467649,0.5901265214606022,0.523037461370286,0.4959956247546376,0.2735681859966734
Tulis,/content/drive/My Drive/Batik/CNN/DataTrain/Tulis/T-Tulis  (180).jpg,0.7533263697855823,0.5361346893017297,0.7510610185778347,0.37175734801234106,0.6657720205383907,0.13820352580116887
Tulis,/content/drive/My Drive/Batik/CNN/DataTrain/Tulis/T-Tulis  (236).jpg,0.7696314344123298,0.5112307815502883,0.7649143177450353,0.48239312634740517,0.4583169141147478,0.23270312834722362
Tulis,/content/drive/My Drive/Batik/CNN/DataTrain/Tulis/T-Tulis  (117).jpg,0.7723977371217545,0.5211803331197951,0.8536595131326074,0.3978431043394315,0.8259866958165341,0.15827913567043578
Tulis,/content/drive/My Drive/Batik/CNN/DataTrain/Tulis/T-Tulis  (94).jpg,0.6933880960110848,0.7489189622037156,1.4438260730301091,0.2627751195006851,0.7619582397363367,0.06905076342859934
Tulis,/content/drive/My Drive/Batik/CNN/DataTrain/Tulis/T-Tulis  (204).jpg,0.8285854420243434,0.35183776425368357,0.39688100576553487,0.4304836864793948,0.7429807747157472,0.18531620432488988
Tulis,/content/drive/My Drive/Batik/CNN/DataTrain/Tulis/T-Tulis  (76).jpg,0.7508897953800353,0.5686258808456118,0.9224055092889174,0.31939127774626885,0.8187489284852909,0.10201078830039427
Tulis,/content/drive/My Drive/Batik/CNN/DataTrain/Tulis/T-Tulis  (233).jpg,0.7711501865320118,0.5076073030108904,0.7582479180012812,0.5088398852256315,0.3429420877832873,0.25891802879643383
Tulis,/content/drive/My Drive/Batik/CNN/DataTrain/Tulis/T-Tulis  (127).jpg,0.7888481811317145,0.4847253363228699,0.7996676809737348,0.44180120150768737,0.8105850286975167,0.19518830165363618
Tulis,/content/drive/My Drive/Batik/CNN/DataTrain/Tulis/T-Tulis  (244).jpg,0.774713734234639,0.49671684817424727,0.7289798206278028,0.5019608007691034,0.36273376086167924,0.2519646455087595
Tulis,/content/drive/My Drive/Batik/CNN/DataTrain/Tulis/T-Tulis  (118).jpg,0.8198641283867807,0.40348734785393975,0.621176329276105,0.5177710007376524,0.8152832177372838,0.26808680920487
Tulis,/content/drive/My Drive/Batik/CNN/DataTrain/Tulis/T-Tulis  (230).jpg,0.8000670055017521,0.4288316784112748,0.5739710121716849,0.515418981495262,0.4429937993801778,0.2656567264856132
Tulis,/content/drive/My Drive/Batik/CNN/DataTrain/Tulis/T-Tulis  (237).jpg,0.7998291300825263,0.4380805573350416,0.627142056374119,0.522642652792202,0.46694016057419585,0.2731553425176702
Tulis,/content/drive/My Drive/Batik/CNN/DataTrain/Tulis/T-Tulis  (223).jpg,0.7631028139955535,0.5223614670083281,0.7658752402306216,0.4539026873815284,0.5200152990535675,0.20602764961217349
Tulis,/content/drive/My Drive/Batik/CNN/DataTrain/Tulis/T-Tulis  (105).jpg,0.6723081850884541,0.8087764253683537,1.5969730941704035,0.2620542412711531,0.722982985726908,0.06867242536819973
Tulis,/content/drive/My Drive/Batik/CNN/DataTrain/Tulis/T-Tulis  (199).jpg,0.8241531870595773,0.36020579756566307,0.40276665598975014,0.42943817874979584,0.734601247797218,0.1844171493679416
Tulis,/content/drive/My Drive/Batik/CNN/DataTrain/Tulis/T-Tulis  (222).jpg,0.775887911218299,0.49627642536835354,0.7371877001921845,0.4615164286743659,0.5849649291831576,0.21299741393634106
Tulis,/content/drive/My Drive/Batik/CNN/DataTrain/Tulis/T-Tulis  (115).jpg,0.8262838207031692,0.389934336963485,0.6036595131326072,0.4375538948580792,0.8791599136331565,0.19145341090547502
Tulis,/content/drive/My Drive/Batik/CNN/DataTrain/Tulis/T-Tulis  (102).jpg,0.6439226725529812,0.861667200512492,1.626601537475977,0.23829173492722508,0.732479463487693,0.0567829509346269
Tulis,/content/drive/My Drive/Batik/CNN/DataTrain/Tulis/T-Tulis  (106).jpg,0.6654758794687243,0.7917000320307495,1.41457799487508,0.24241905551629153,0.7734236767554931,0.058766998477410834
Tulis,/content/drive/My Drive/Batik/CNN/DataTrain/Tulis/T-Tulis  (62).jpg,0.7074346757502588,0.6764694106342088,1.1386330877642536,0.32704087395524745,0.745254846030768,0.10695573323741206
Tulis,/content/drive/My Drive/Batik/CNN/DataTrain/Tulis/T-Tulis  (221).jpg,0.7729713466103931,0.4952154067905189,0.7013733183856502,0.5022856090794338,0.3179177199979768,0.25229083308829775
Tulis,/content/drive/My Drive/Batik/CNN/DataTrain/Tulis/T-Tulis  (186).jpg,0.7770779948750801,0.48238308776425365,0.6660393978219091,0.3768434930813305,0.6903922065738973,0.14201101827773882
Tulis,/content/drive/My Drive/Batik/CNN/DataTrain/Tulis/T-Tulis  (171).jpg,0.8822129244074312,0.2386491031390135,0.2540238629083921,0.4749649496174926,0.8086664680958827,0.22559170336514725
Tulis,/content/drive/My Drive/Batik/CNN/DataTrain/Tulis/T-Tulis  (191).jpg,0.7750668877416438,0.4887091607943626,0.6838565022421526,0.3948671133121504,0.6732683996808367,0.15592003717547062
Tulis,/content/drive/My Drive/Batik/CNN/DataTrain/Tulis/T-Tulis  (91).jpg,0.6893415778695059,0.7454956758488149,1.3791840166559899,0.26911161121473315,0.7817190094765287,0.07242105929058969
Tulis,/content/drive/My Drive/Batik/CNN/DataTrain/Tulis/T-Tulis  (85).jpg,0.7809154435316727,0.4877282190903267,0.7362868353619474,0.30585177976614514,0.8838567250884446,0.09354531118611856
Tulis,/content/drive/My Drive/Batik/CNN/DataTrain/Tulis/T-Tulis  (137).jpg,0.7880957483890417,0.4408031710442024,0.5258047725816785,0.427722926961429,0.6358022926742365,0.18294690224845192
Tulis,/content/drive/My Drive/Batik/CNN/DataTrain/Tulis/T-Tulis  (177).jpg,0.756664162301692,0.5255645419602819,0.7207919602818706,0.3708378819261325,0.659273721654703,0.13752073467146017
Tulis,/content/drive/My Drive/Batik/CNN/DataTrain/Tulis/T-Tulis  (142).jpg,0.7800692193917926,0.4615430813581038,0.5700072069186419,0.41439289154271447,0.6083272827231346,0.17172146856113193
Tulis,/content/drive/My Drive/Batik/CNN/DataTrain/Tulis/T-Tulis  (207).jpg,0.8080457238949392,0.3974015054452274,0.46486627162075594,0.4017348291326169,0.7117595962570785,0.16139087293821286
Tulis,/content/drive/My Drive/Batik/CNN/DataTrain/Tulis/T-Tulis  (119).jpg,0.8037121519011192,0.44813020499679695,0.7280789557975657,0.45819430813085993,0.8349456839392934,0.2099420240035174
Tulis,/content/drive/My Drive/Batik/CNN/DataTrain/Tulis/T-Tulis  (58).jpg,0.7027619546438789,0.6892416720051249,1.169302530429212,0.3366241934197514,0.745323286810881,0.11331584759549822
Tulis,/content/drive/My Drive/Batik/CNN/DataTrain/Tulis/T-Tulis  (239).jpg,0.7977328823906245,0.43978219090326715,0.6161915438821268,0.49234606602005926,0.6002692123314592,0.24240464872542855
Tulis,/content/drive/My Drive/Batik/CNN/DataTrain/Tulis/T-Tulis  (228).jpg,0.7540502411727023,0.5572549647661755,0.8869714926329277,0.46102718766647355,0.46945927956849676,0.21254606776765783
Tulis,/content/drive/My Drive/Batik/CNN/DataTrain/Tulis/T-Tulis  (46).jpg,0.7296918707117204,0.6169522741832159,1.002922805893658,0.33717141157728076,0.8009084125210384,0.11368456078501604
Tulis,/content/drive/My Drive/Batik/CNN/DataTrain/Tulis/T-Tulis  (97).jpg,0.6821243778642883,0.791039397821909,1.5902466367713002,0.27637710373126484,0.727109549478231,0.07638430346688234
Tulis,/content/drive/My Drive/Batik/CNN/DataTrain/Tulis/T-Tulis  (172).jpg,0.8736507046764893,0.25496476617552855,0.2662956438180653,0.5003693975101292,0.7623521548185583,0.25036953396464967
Tulis,/content/drive/My Drive/Batik/CNN/DataTrain/Tulis/T-Tulis  (176).jpg,0.7649222801400658,0.5199591607943627,0.771120275464446,0.37604436287998055,0.6648686560297142,0.1414093628538105
Tulis,/content/drive/My Drive/Batik/CNN/DataTrain/Tulis/T-Tulis  (157).jpg,0.865074471492633,0.27354260089686094,0.2920003203074952,0.47393325081837795,0.7769424728261567,0.22461272623127557
Tulis,/content/drive/My Drive/Batik/CNN/DataTrain/Tulis/T-Tulis  (257).jpg,0.7738358235670949,0.49983984625240235,0.7381886611146702,0.5115020093259355,0.3252213704074202,0.26163430554446937
Tulis,/content/drive/My Drive/Batik/CNN/DataTrain/Tulis/T-Tulis  (88).jpg,0.6518748315124601,0.8390054452274183,1.570427610506086,0.23849224725463838,0.7561757817195004,0.05687855200056757
Tulis,/content/drive/My Drive/Batik/CNN/DataTrain/Tulis/T-Tulis  (214).jpg,0.7685384756696745,0.5162355861627163,0.7866952274183217,0.5020502120148825,0.3327352315917542,0.2520544153841885
Tulis,/content/drive/My Drive/Batik/CNN/DataTrain/Tulis/T-Tulis  (203).jpg,0.8350956918641896,0.3394658872517617,0.38775224215246645,0.4230853528151875,0.7748299953231748,0.17900121576675168
Tulis,/content/drive/My Drive/Batik/CNN/DataTrain/Tulis/T-Tulis  (150).jpg,0.8793701953875721,0.2438941383728379,0.2570667841127482,0.4996962104931628,0.7862462456261052,0.2496963027812273
Tulis,/content/drive/My Drive/Batik/CNN/DataTrain/Tulis/T-Tulis  (121).jpg,0.7979946721703514,0.4620435618193465,0.7549647661755285,0.39770020354831614,0.8625748493944222,0.15816545190237208
Tulis,/content/drive/My Drive/Batik/CNN/DataTrain/Tulis/T-Tulis  (235).jpg,0.7953723357228368,0.4605621396540679,0.7206518257527226,0.5061411052631469,0.5078508603573709,0.25617881843699997
Tulis,/content/drive/My Drive/Batik/CNN/DataTrain/Tulis/T-Tulis  (187).jpg,0.7563416173644345,0.5328715566944267,0.7616912235746316,0.37277947884343887,0.6778196894107626,0.1389645398467859
Tulis,/content/drive/My Drive/Batik/CNN/DataTrain/Tulis/T-Tulis  (64).jpg,0.7353994676518416,0.6114670083279949,1.0288677130044843,0.327505625331416,0.7679065446960491,0.1072599346237218
Tulis,/content/drive/My Drive/Batik/CNN/DataTrain/Tulis/T-Tulis  (120).jpg,0.7867110072728644,0.484865470852018,0.7785073670723894,0.4348981918235371,0.8287733088847412,0.1891364372513821
Tulis,/content/drive/My Drive/Batik/CNN/DataTrain/Tulis/T-Tulis  (149).jpg,0.8013232703395259,0.41621957078795646,0.510550128122998,0.4359727150514467,0.6015403136153779,0.19007220826932994
Tulis,/content/drive/My Drive/Batik/CNN/DataTrain/Tulis/T-Tulis  (122).jpg,0.7844090326713645,0.4921124279308136,0.799167200512492,0.39768895424852024,0.8327381587994824,0.15815650433128164
Tulis,/content/drive/My Drive/Batik/CNN/DataTrain/Tulis/T-Tulis  (256).jpg,0.79584718977277,0.43559817424727737,0.572089205637412,0.5199737786340656,0.4151668417454121,0.27037273046698823
Tulis,/content/drive/My Drive/Batik/CNN/DataTrain/Tulis/T-Tulis  (195).jpg,0.8423006085842408,0.3232703395259449,0.3626281229980782,0.42728913966422105,0.7735132494538033,0.1825760088749902
Tulis,/content/drive/My Drive/Batik/CNN/DataTrain/Tulis/T-Tulis  (179).jpg,0.7477023281716965,0.5541920243433697,0.8035113709160795,0.36828448031434924,0.656729541654334,0.1356334584404103
Tulis,/content/drive/My Drive/Batik/CNN/DataTrain/Tulis/T-Tulis  (98).jpg,0.6729928695348439,0.7833319987187701,1.4428050928891736,0.2558305703016913,0.7643794904228375,0.06544928070088861
Tulis,/content/drive/My Drive/Batik/CNN/DataTrain/Tulis/T-Tulis  (141).jpg,0.7875514611674265,0.44853058936579127,0.5669242472773863,0.42602021139758717,0.6166679320419544,0.18149322051924488
Tulis,/content/drive/My Drive/Batik/CNN/DataTrain/Tulis/T-Tulis  (101).jpg,0.6732346853884706,0.7797485586162717,1.4227258167841128,0.2529850188098034,0.7709658926816345,0.06400141974219659
Tulis,/content/drive/My Drive/Batik/CNN/DataTrain/Tulis/T-Tulis  (144).jpg,0.7748220644760146,0.4791599935938501,0.6238589045483665,0.4092933623221381,0.5935309885695166,0.16752105644096102
Tulis,/content/drive/My Drive/Batik/CNN/DataTrain/Tulis/T-Tulis  (255).jpg,0.814125913818442,0.40060458039718133,0.545423606662396,0.5245740138019488,0.5193443110843177,0.27517789595628717
Tulis,/content/drive/My Drive/Batik/CNN/DataTrain/Tulis/T-Tulis  (258).jpg,0.7938850708444812,0.4503323190262652,0.6416359705317105,0.5367928754175224,0.36757603278719225,0.28814659109901175
Tulis,/content/drive/My Drive/Batik/CNN/DataTrain/Tulis/T-Tulis  (92).jpg,0.6624294707534617,0.8219891095451635,1.5744314541960283,0.2552177982227034,0.7519754332680296,0.06513612452964454
Tulis,/content/drive/My Drive/Batik/CNN/DataTrain/Tulis/T-Tulis  (60).jpg,0.7122720164298904,0.6678010890454837,1.1350096092248558,0.35217480334840795,0.7267133946405491,0.12402709211348979
Tulis,/content/drive/My Drive/Batik/CNN/DataTrain/Tulis/T-Tulis  (68).jpg,0.7982339516524098,0.4453675528507367,0.6549687700192184,0.3273712402363766,0.8890969652084132,0.1071719289339034
Tulis,/content/drive/My Drive/Batik/CNN/DataTrain/Tulis/T-Tulis  (245).jpg,0.8132538549224451,0.40761130685458036,0.5808576233183856,0.5061210672467008,0.5050873665607064,0.2561585347109394
Tulis,/content/drive/My Drive/Batik/CNN/DataTrain/Tulis/T-Tulis  (109).jpg,0.6531973681159253,0.8524583600256246,1.667560858424087,0.2538684064743665,0.7139163793722403,0.06444916780583415
Tulis,/content/drive/My Drive/Batik/CNN/DataTrain/Tulis/T-Tulis  (216).jpg,0.816817085578626,0.39077514413837283,0.5136130685458039,0.5054565071325136,0.5745901937533513,0.25548628060260076
Tulis,/content/drive/My Drive/Batik/CNN/DataTrain/Tulis/T-Tulis  (252).jpg,0.7853924473376794,0.469030269058296,0.6685017616912236,0.5162037467282392,0.39516303310102796,0.2664663081362721
Tulis,/content/drive/My Drive/Batik/CNN/DataTrain/Tulis/T-Tulis  (183).jpg,0.7697501456601958,0.5038036515054453,0.7218930172966047,0.3800646192110835,0.6845374092246552,0.14444911477606587
Tulis,/content/drive/My Drive/Batik/CNN/DataTrain/Tulis/T-Tulis  (211).jpg,0.8322629724535555,0.34513132607303015,0.3934176809737348,0.41780359072087453,0.7574607720207122,0.17455984041925604
Tulis,/content/drive/My Drive/Batik/CNN/DataTrain/Tulis/T-Tulis  (131).jpg,0.7995383803745713,0.45639814221652786,0.7361467008327995,0.39509759526867133,0.8523575658963525,0.1561021097870868
Tulis,/content/drive/My Drive/Batik/CNN/DataTrain/Tulis/T-Tulis  (247).jpg,0.7938377312808531,0.44849055092889173,0.6297445547725817,0.44840504848248636,0.6674158942451315,0.20106708750458094
Tulis,/content/drive/My Drive/Batik/CNN/DataTrain/Tulis/T-Tulis  (152).jpg,0.884997597693786,0.2324231262011531,0.24451473414477898,0.5062549757506228,0.7891020697573814,0.25629410047226375
Tulis,/content/drive/My Drive/Batik/CNN/DataTrain/Tulis/T-Tulis  (99).jpg,0.6645629396981283,0.8195067264573992,1.581678411274824,0.24662029064320007,0.7434405400137015,0.06082156775693648
Tulis,/content/drive/My Drive/Batik/CNN/DataTrain/Tulis/T-Tulis  (95).jpg,0.7026202348825008,0.6951873798846893,1.2050368353619474,0.26074592680131115,0.8069471673003888,0.0679884383434747
Tulis,/content/drive/My Drive/Batik/CNN/DataTrain/Tulis/T-Tulis  (107).jpg,0.6441677856896466,0.8698150224215246,1.680192985265855,0.24044206641876753,0.7244476309851088,0.05781238730372702
Tulis,/content/drive/My Drive/Batik/CNN/DataTrain/Tulis/T-Tulis  (238).jpg,0.7717356444992624,0.5102298206278028,0.7830116912235746,0.4959217662775515,0.3736023727118073,0.24593839826784644
Tulis,/content/drive/My Drive/Batik/CNN/DataTrain/Tulis/T-Tulis  (210).jpg,0.8140875240230622,0.38370836002562453,0.443125400384369,0.420453405653843,0.7098256583946345,0.17678106632591503
Tulis,/content/drive/My Drive/Batik/CNN/DataTrain/Tulis/T-Tulis  (209).jpg,0.8405609385009609,0.32637331838565026,0.36384929532351057,0.428349814221002,0.7807955798553544,0.1834835633431669
Tulis,/content/drive/My Drive/Batik/CNN/DataTrain/Tulis/T-Tulis  (208).jpg,0.8344030269058296,0.33938581037796284,0.38034513132607306,0.4424940504010444,0.7434921279870167,0.195800984640322
Tulis,/content/drive/My Drive/Batik/CNN/DataTrain/Tulis/T-Tulis  (136).jpg,0.7861162009646908,0.4494514734144779,0.5579556374119155,0.42760313096465863,0.5728406038769819,0.18284443761077898
Tulis,/content/drive/My Drive/Batik/CNN/DataTrain/Tulis/T-Tulis  (132).jpg,0.8192443569355994,0.40847213324791803,0.6448590647021141,0.4554255072375863,0.8625809828501426,0.20741239264261274
Tulis,/content/drive/My Drive/Batik/CNN/DataTrain/Tulis/T-Tulis  (78).jpg,0.7463021604813018,0.5818185458039717,0.9557775464445868,0.32743114973564447,0.811562905082543,0.10721115781720603
Tulis,/content/drive/My Drive/Batik/CNN/DataTrain/Tulis/T-Tulis  (108).jpg,0.6933281289404344,0.7245755925688662,1.2897581678411274,0.26023589993711627,0.7964073801831627,0.06772272361608078
Tulis,/content/drive/My Drive/Batik/CNN/DataTrain/Tulis/T-Tulis  (197).jpg,0.8125100096092248,0.3869514734144779,0.4468089365791159,0.41058664287419117,0.7154447621215989,0.1685813913066986
Tulis,/content/drive/My Drive/Batik/CNN/DataTrain/Tulis/T-Tulis  (135).jpg,0.7860357708105663,0.44758968609865474,0.5459240871236387,0.41844648804814777,0.6109820045303176,0.17509746335982868
Tulis,/content/drive/My Drive/Batik/CNN/DataTrain/Tulis/T-Tulis  (81).jpg,0.7601239542902365,0.5481862588084561,0.8919963164638054,0.3285639394287729,0.822687752841534,0.10795426229295435
Tulis,/content/drive/My Drive/Batik/CNN/DataTrain/Tulis/T-Tulis  (153).jpg,0.8885950512491991,0.22443545803971815,0.23256326073030106,0.5054737473396028,0.8162767106028589,0.25550370924954063
Tulis,/content/drive/My Drive/Batik/CNN/DataTrain/Tulis/T-Tulis  (73).jpg,0.78017661661077,0.49477498398462527,0.771320467648943,0.34451251072613787,0.8490747650051714,0.11868887004682725
Tulis,/content/drive/My Drive/Batik/CNN/DataTrain/Tulis/T-Tulis  (146).jpg,0.8018709726042883,0.4144778987828315,0.5056053811659192,0.41411321142732416,0.6715273493386272,0.17148975187865168
Tulis,/content/drive/My Drive/Batik/CNN/DataTrain/Tulis/T-Tulis  (47).jpg,0.7006876646829825,0.6981502242152466,1.2027946828955798,0.3396650830164569,0.7164285446322805,0.11537236862057658
Tulis,/content/drive/My Drive/Batik/CNN/DataTrain/Tulis/T-Tulis  (217).jpg,0.7785190253231338,0.4917721012171685,0.7367272581678411,0.4919972041732233,0.5030357415016004,0.24206124891426836
Tulis,/content/drive/My Drive/Batik/CNN/DataTrain/Tulis/T-Tulis  (242).jpg,0.7893149187926292,0.45527706598334405,0.6248398462524023,0.5002393229138936,0.49764314059335196,0.25023938018935077
Tulis,/content/drive/My Drive/Batik/CNN/DataTrain/Tulis/T-Tulis  (104).jpg,0.6916401736617379,0.7353058936579115,1.3402866752081999,0.2600788488067281,0.7810431220444312,0.06764100759663294
Tulis,/content/drive/My Drive/Batik/CNN/DataTrain/Tulis/T-Tulis  (160).jpg,0.8713725176169123,0.2612107623318386,0.28098975016015376,0.4558838727858993,0.805319285991435,0.20783010546627004
Tulis,/content/drive/My Drive/Batik/CNN/DataTrain/Tulis/T-Tulis  (246).jpg,0.7943468082300185,0.4455076873798847,0.6167120435618193,0.4921796500283645,0.6061542382288843,0.24224080790204336
Tulis,/content/drive/My Drive/Batik/CNN/DataTrain/Tulis/T-Tulis  (213).jpg,0.8404568385650224,0.32765454836643176,0.3704956758488149,0.4331300153509753,0.7777072049636401,0.1876016101979361
Tulis,/content/drive/My Drive/Batik/CNN/DataTrain/Tulis/T-Tulis  (250).jpg,0.7849333731422891,0.472293401665599,0.6844170403587443,0.5048532592617703,0.4184269567844299,0.2548768133872323
Tulis,/content/drive/My Drive/Batik/CNN/DataTrain/Tulis/T-Tulis  (87).jpg,0.7836024936880581,0.4919722934016656,0.7890174567584882,0.3557217737288266,0.8421226689643723,0.1265379803047825
Tulis,/content/drive/My Drive/Batik/CNN/DataTrain/Tulis/T-Tulis  (126).jpg,0.7821717717787356,0.5002802690582959,0.8262331838565024,0.42614147278325387,0.8271659373169269,0.18159655482588072
Tulis,/content/drive/My Drive/Batik/CNN/DataTrain/Tulis/T-Tulis  (200).jpg,0.8248990795869917,0.3590847213324791,0.40352738629083923,0.43444925719020633,0.7335908729152958,0.18874615707312206
Tulis,/content/drive/My Drive/Batik/CNN/DataTrain/Tulis/T-Tulis  (231).jpg,0.7951339167954178,0.4470691864189622,0.6359304932735426,0.5066811155421252,0.41968592265236915,0.2567257528470125
Tulis,/content/drive/My Drive/Batik/CNN/DataTrain/Tulis/T-Tulis  (189).jpg,0.7364740195836873,0.5851217168481743,0.8781630365150543,0.36189784773913825,0.6095603376325665,0.1309700521982205
Tulis,/content/drive/My Drive/Batik/CNN/DataTrain/Tulis/T-Tulis  (184).jpg,0.7442760344047933,0.5642817104420244,0.8304572389493914,0.37821492501614473,0.584851865939394,0.14304652950496796
Tulis,/content/drive/My Drive/Batik/CNN/DataTrain/Tulis/T-Tulis  (240).jpg,0.8057923842182613,0.42432735426008966,0.6043401665598976,0.5180959648600558,0.5069144013246011,0.26842342880427217
Tulis,/content/drive/My Drive/Batik/CNN/DataTrain/Tulis/T-Tulis  (249).jpg,0.784593916041753,0.4747757847533632,0.6951873798846893,0.5136481111264753,0.420739199344211,0.26383438206379595
Tulis,/content/drive/My Drive/Batik/CNN/DataTrain/Tulis/T-Tulis  (182).jpg,0.7571473954362704,0.5290478859705317,0.7470972133247917,0.378289986225182,0.613431253334883,0.14310331367824838
Tulis,/content/drive/My Drive/Batik/CNN/DataTrain/Tulis/T-Tulis  (90).jpg,0.6786464508190306,0.762091607943626,1.369995195387572,0.2523996672454533,0.7833444714564332,0.06370559202561557
Tulis,/content/drive/My Drive/Batik/CNN/DataTrain/Tulis/T-Tulis  (220).jpg,0.8114907958699175,0.4062299807815503,0.5525704676489431,0.5200209702054437,0.5228890100539184,0.27042180945341093
Tulis,/content/drive/My Drive/Batik/CNN/DataTrain/Tulis/T-Tulis  (74).jpg,0.7901208146245735,0.4717729019859065,0.732983664317745,0.3358640334499197,0.8810552492782907,0.1128046489652488
Tulis,/content/drive/My Drive/Batik/CNN/DataTrain/Tulis/T-Tulis  (75).jpg,0.7677456240343672,0.5244034272901986,0.8250920884048687,0.30706181407634264,0.8626381522491774,0.09428695766385442
Tulis,/content/drive/My Drive/Batik/CNN/DataTrain/Tulis/T-Tulis  (227).jpg,0.8050987771790331,0.42020339525944905,0.5723494554772582,0.5291451706396455,0.4064340332943078,0.2799946116112596
Tulis,/content/drive/My Drive/Batik/CNN/DataTrain/Tulis/T-Tulis  (110).jpg,0.6771225081961034,0.8054932735426009,1.6281229980781549,0.27237796084401894,0.7286601401999333,0.07418975355354593
Tulis,/content/drive/My Drive/Batik/CNN/DataTrain/Tulis/T-Tulis  (196).jpg,0.856394138372838,0.2944026265214606,0.3303571428571429,0.43253606494646063,0.8005644720172677,0.18708744747936878
Tulis,/content/drive/My Drive/Batik/CNN/DataTrain/Tulis/T-Tulis  (174).jpg,0.7723803720349817,0.5054252081998719,0.7587083600256246,0.38204514732459616,0.6593508408998734,0.14595849459427238
Tulis,/content/drive/My Drive/Batik/CNN/DataTrain/Tulis/T-Tulis  (225).jpg,0.7856423342879753,0.47383488148622677,0.7002522421524663,0.5312521994163082,0.40420517051770555,0.28222889938466483
Tulis,/content/drive/My Drive/Batik/CNN/DataTrain/Tulis/T-Tulis  (253).jpg,0.7651874124951809,0.5231021780909673,0.7924807815502883,0.4861316977287601,0.4110922126478866,0.23632402753664655
Tulis,/content/drive/My Drive/Batik/CNN/DataTrain/Tulis/T-Tulis  (89).jpg,0.6803608477713265,0.7810498078155029,1.5089485906470212,0.2607530615043038,0.7639331178695333,0.06799215908386722
Tulis,/content/drive/My Drive/Batik/CNN/DataTrain/Tulis/T-Tulis  (206).jpg,0.8444126361306854,0.3185257847533632,0.355281069827034,0.4208696262990976,0.805630240873526,0.17713124234114205
Tulis,/content/drive/My Drive/Batik/CNN/DataTrain/Tulis/T-Tulis  (161).jpg,0.8615771140294682,0.28032911595131327,0.2977458360025625,0.46574864760527124,0.7713102729317823,0.21692180274613915
Tulis,/content/drive/My Drive/Batik/CNN/DataTrain/Tulis/T-Tulis  (123).jpg,0.8176189141575912,0.41201553491351695,0.6497237347853939,0.4705966244807556,0.84111075720736,0.2214611829726813
Tulis,/content/drive/My Drive/Batik/CNN/DataTrain/Tulis/T-Tulis  (130).jpg,0.7953023771599016,0.46846973094170397,0.7666760089686099,0.42163898476153494,0.8437761937500449,0.1777794334707379
Tulis,/content/drive/My Drive/Batik/CNN/DataTrain/Tulis/T-Tulis  (72).jpg,0.758034301164412,0.5473654708520179,0.8657511210762332,0.311090045294867,0.8512168919534387,0.0967770162815624
Tulis,/content/drive/My Drive/Batik/CNN/DataTrain/Tulis/T-Tulis  (93).jpg,0.6462835362672147,0.8759008648302371,1.7419722934016657,0.24295128695212695,0.7107307815135419,0.05902532783169473
Tulis,/content/drive/My Drive/Batik/CNN/DataTrain/Tulis/T-Tulis  (125).jpg,0.8087700663224932,0.4277306213965407,0.6549887892376682,0.4727770146362926,0.835606116306346,0.22351810556840523
Tulis,/content/drive/My Drive/Batik/CNN/DataTrain/Tulis/T-Tulis  (116).jpg,0.7924661792968308,0.4723334401024984,0.7608103779628443,0.43680942492802927,0.8240803869633,0.19080247370595566
Tulis,/content/drive/My Drive/Batik/CNN/DataTrain/Tulis/T-Tulis  (158).jpg,0.8817985265855222,0.23938981422165279,0.25432415118513774,0.47501172684868403,0.8171205284581949,0.2256361406437688
Tulis,/content/drive/My Drive/Batik/CNN/DataTrain/Tulis/T-Tulis  (190).jpg,0.7668706120771869,0.5108704356181935,0.7354059897501602,0.3766089610721646,0.6845517348801181,0.1418343095598552
Tulis,/content/drive/My Drive/Batik/CNN/DataTrain/Tulis/T-Tulis  (205).jpg,0.8215046444586803,0.368473734785394,0.42588885329916715,0.4109512259462894,0.7379677545771691,0.1688809101067582
Tulis,/content/drive/My Drive/Batik/CNN/DataTrain/Tulis/T-Tulis  (61).jpg,0.7066516253793687,0.6749879884689303,1.121736867392697,0.3270321254190443,0.7520787698226825,0.10695001105609751
Tulis,/content/drive/My Drive/Batik/CNN/DataTrain/Tulis/T-Tulis  (168).jpg,0.890538917360666,0.22045163356822547,0.22809897501601537,0.5232795544553274,0.7967765741356619,0.2738214921109659
Tulis,/content/drive/My Drive/Batik/CNN/DataTrain/Tulis/T-Tulis  (229).jpg,0.7787016712514602,0.48458520179372194,0.6948670723894939,0.504275296744608,0.3777365793395059,0.2542935749068625
Tulis,/content/drive/My Drive/Batik/CNN/DataTrain/Tulis/T-Tulis  (166).jpg,0.8569987187700192,0.2907591287636131,0.3145419602818706,0.4771714727203341,0.7536432792675741,0.22769261437809254
Tulis,/content/drive/My Drive/Batik/CNN/DataTrain/Tulis/T-Tulis  (218).jpg,0.81391653634548,0.3991231582319027,0.5339325752722613,0.5401746084501182,0.47530629107643363,0.2917886076142385
Tulis,/content/drive/My Drive/Batik/CNN/DataTrain/Tulis/T-Tulis  (96).jpg,0.6489574335253245,0.8248118193465727,1.4482903587443947,0.23718985113323227,0.7598303873558175,0.05625902548060488
Tulis,/content/drive/My Drive/Batik/CNN/DataTrain/Tulis/T-Tulis  (254).jpg,0.7856116623089388,0.4685498078155029,0.6700232222934016,0.5080575594191965,0.3854873575607226,0.2581224836829904
Tulis,/content/drive/My Drive/Batik/CNN/DataTrain/Tulis/T-Tulis  (234).jpg,0.7910030461822536,0.4528547405509289,0.6284633247918001,0.48550250165276,0.5079887425078634,0.2357126791110882
Tulis,/content/drive/My Drive/Batik/CNN/DataTrain/Tulis/T-Tulis  (198).jpg,0.8289477898782832,0.3507367072389494,0.3938981422165279,0.4240184295888642,0.7562412001486695,0.17979162863100662
Tulis,/content/drive/My Drive/Batik/CNN/DataTrain/Tulis/T-Tulis  (44).jpg,0.7123442667857071,0.6719250480461243,1.1617552850736705,0.34243028524804264,0.7010858249798448,0.11725850025505587
Tulis,/content/drive/My Drive/Batik/CNN/DataTrain/Tulis/T-Tulis  (112).jpg,0.8181699137053925,0.40923286354900706,0.6384529147982062,0.512353028366295,0.8193635538878989,0.2625056256761135
Tulis,/content/drive/My Drive/Batik/CNN/DataTrain/Tulis/T-Tulis  (77).jpg,0.7610987724686287,0.5387371877001923,0.8442304612427931,0.3090269325931005,0.8519532033324398,0.09549764506790066
Tulis,/content/drive/My Drive/Batik/CNN/DataTrain/Tulis/T-Tulis  (65).jpg,0.7510433545615556,0.5637011531069827,0.8941383728379244,0.30125752981423864,0.8526447250227961,0.09075609926977687
Tulis,/content/drive/My Drive/Batik/CNN/DataTrain/Tulis/T-Tulis  (188).jpg,0.7842241130670965,0.4728139013452915,0.680773542600897,0.39243175511339157,0.682408455772028,0.15400268242137694
Tulis,/content/drive/My Drive/Batik/CNN/DataTrain/Tulis/T-Tulis  (45).jpg,0.7051121474805858,0.6780108904548368,1.1244795003203074,0.32776444238194924,0.7507705938144442,0.10742952968995013
Tulis,/content/drive/My Drive/Batik/CNN/DataTrain/Tulis/T-Tulis  (192).jpg,0.8544843049327354,0.297085201793722,0.3273542600896861,0.43920487428074756,0.7918662404589143,0.19290092159196726
Tulis,/content/drive/My Drive/Batik/CNN/DataTrain/Tulis/T-Tulis  (113).jpg,0.7784940601801258,0.5112708199871877,0.8550808776425367,0.4124294027117084,0.813408080159225,0.17009801222113655
Tulis,/content/drive/My Drive/Batik/CNN/DataTrain/Tulis/T-Tulis  (143).jpg,0.7954599945359307,0.4267496796925048,0.5151545483664318,0.42010823167905836,0.6445768763613956,0.1764909263245054
Tulis,/content/drive/My Drive/Batik/CNN/DataTrain/Tulis/T-Tulis  (164).jpg,0.8762972453555413,0.2496796925048046,0.2610506085842409,0.5069204450267768,0.7878113317675182,0.25696833758614546
Tulis,/content/drive/My Drive/Batik/CNN/DataTrain/Tulis/T-Tulis  (154).jpg,0.8683656310057655,0.267496796925048,0.28863709160794365,0.470934029158497,0.7883045786863233,0.22177885981945614
Tulis,/content/drive/My Drive/Batik/CNN/DataTrain/Tulis/T-Tulis  (124).jpg,0.8095336862754762,0.433195868033312,0.6968089365791159,0.495743688786318,0.8114485450609686,0.24576180497146574
Tulis,/content/drive/My Drive/Batik/CNN/DataTrain/Tulis/T-Tulis  (181).jpg,0.7666154802728264,0.5122117232543241,0.7409513132607304,0.37136057621170043,0.6463871440534944,0.13790867756428618
Tulis,/content/drive/My Drive/Batik/CNN/DataTrain/Tulis/T-Tulis  (148).jpg,0.8046912094434187,0.41009368994234463,0.5075872837924408,0.43844358653438154,0.641707434419619,0.1922327785731317
Tulis,/content/drive/My Drive/Batik/CNN/DataTrain/Tulis/T-Tulis  (167).jpg,0.882495195387572,0.2373478539397822,0.24903907751441384,0.5035823223516132,0.7964165216327733,0.25359515538504407
