Path,Dissimilarity,Contrast,Homogeneity,Energy,Correlation,ASM,Label
BatikYogya/Validasi/Cap/Yogya-Cap-Nogosari--Sogan_closing_sq_3_3_27.jpg,0.830299430833952,1.7718089581786687,0.6735322349851893,0.22644803276628864,0.7602347013468516,0.051278711543722134,Cap
BatikYogya/Validasi/Cap/Yogya-Cap-Nogosari--Sogan_black_tophat_sq_3_8_15.jpg,0.49899529819351646,0.8827418955704034,0.7874935368508014,0.549295216774609,0.5748178156491751,0.30172523517146466,Cap
BatikYogya/Validasi/Cap/Yogya-Cap-Nogosari--Sogan_closing_sq_5_16_33.jpg,0.3772482058896313,0.5279732739420935,0.8262514721838711,0.31208829476639355,0.8847106057781495,0.09739910373019534,Cap
BatikYogya/Validasi/Cap/Yogya-Cap-Nogosari--Sogan_white_tophat_sq_5_24_114.jpg,0.7431922791388269,1.7499529819351647,0.7230718934274548,0.48641529360571917,0.49030549102060794,0.236599837853538,Cap
BatikYogya/Validasi/Cap/Yogya-Cap-Nogosari--Sogan_white_tophat_sq_5_23_113.jpg,0.7993714427122001,1.8583766394456818,0.7002307290349736,0.478971881469664,0.4550832887218188,0.22941406323858987,Cap
BatikYogya/Validasi/Cap/Yogya-Cap-Nogosari--Sogan_opening_sq_3_22_88.jpg,0.3598168770106409,0.524221727295224,0.8362447867048941,0.44428709346183876,0.781397930224637,0.19739102141676865,Cap
BatikYogya/Validasi/Cap/Yogya-Cap-Nogosari--Sogan_erosion_sq_5_31_84.jpg,0.06038109378866617,0.06625092798812175,0.9703936416437399,0.814017728431211,0.8936155233029607,0.6626248622003088,Cap
BatikYogya/Validasi/Cap/Yogya-Cap-Nogosari--Sogan_closing_sq_3_19_23.jpg,0.8455481316505816,1.674748824548379,0.6563325926981108,0.2349371049691134,0.7662121095138575,0.055195443291268215,Cap
BatikYogya/Validasi/Cap/Yogya-Cap-Nogosari--Sogan_erosion_sq_3_31_71.jpg,0.2523434793367978,0.3365602573620391,0.8821314461828021,0.6049815114126842,0.7270972158308414,0.3660026291511757,Cap
BatikYogya/Validasi/Cap/Yogya-Cap-Nogosari--Sogan_erosion_sq_3_13_63.jpg,0.2426676565206632,0.3261222469685721,0.8868678556112068,0.6195212017197331,0.7483445894085815,0.3838065193802622,Cap
BatikYogya/Validasi/Cap/Yogya-Cap-Nogosari--Sogan_dilation_sq_3_26_46.jpg,0.8708735461519426,1.9332145508537493,0.6638306127994585,0.20896017852989368,0.7747175795597491,0.04366435621124504,Cap
BatikYogya/Validasi/Cap/Yogya-Cap-Nogosari--Sogan_white_tophat_sq_3_17_101.jpg,0.7233803513981687,1.6011234842860678,0.7211596333012814,0.4879903778264565,0.6147267127400271,0.23813460885120777,Cap
BatikYogya/Validasi/Cap/Yogya-Cap-Nogosari--Sogan_dilation_sq_5_9_60.jpg,0.13214055926750803,0.16765652066320216,0.9374227583558121,0.613315018117043,0.945876349470254,0.37615531144790887,Cap
BatikYogya/Validasi/Cap/Yogya-Cap-Nogosari--Sogan_black_tophat_sq_3_5_13.jpg,0.59212571145756,1.1239643652561249,0.7542874199719475,0.4957740255002816,0.5591859135504642,0.2457918843607539,Cap
BatikYogya/Validasi/Cap/Yogya-Cap-Nogosari--Sogan_white_tophat_sq_3_2_102.jpg,0.755179411036872,1.7277604553328385,0.7142065270139684,0.4852603757465987,0.5532557191380532,0.23547763226973017,Cap
BatikYogya/Validasi/Cap/Yogya-Cap-Nogosari--Sogan_opening_sq_3_2_87.jpg,0.3235238802276664,0.4398218262806236,0.8497171676508766,0.43050946134826695,0.8233374439188185,0.18533839631037494,Cap
BatikYogya/Validasi/Cap/Yogya-Cap-Nogosari--Sogan_closing_sq_5_14_32.jpg,0.4185399653551101,0.5869141301658005,0.8073416395968471,0.3061446830983645,0.8667278689633501,0.09372456698939803,Cap
BatikYogya/Validasi/Cap/Yogya-Cap-Nogosari--Sogan_white_tophat_sq_5_7_116.jpg,0.7998713189804505,1.8150259836674092,0.6959747225160037,0.47902000046400806,0.5408161131515058,0.22946016084453827,Cap
BatikYogya/Validasi/Cap/Yogya-Cap-Nogosari--Sogan_erosion_sq_5_1_75.jpg,0.04370700321702549,0.047775303142786434,0.9785512322226589,0.899688449877263,0.8373781665146586,0.8094393068425524,Cap
BatikYogya/Validasi/Cap/Yogya-Cap-Nogosari--Sogan_opening_sq_5_8_98.jpg,0.13986142044048502,0.14818609255134865,0.9309003595499077,0.58256676386531,0.8910233247324477,0.33938403436049985,Cap
BatikYogya/Validasi/Cap/Yogya-Cap-Nogosari--Sogan_erosion_sq_5_17_80.jpg,0.052432566196486015,0.055392229646127195,0.9740789845262531,0.8533862326715844,0.8811338789424701,0.7282680621133996,Cap
BatikYogya/Validasi/Cap/Yogya-Cap-Nogosari--Sogan_erosion_sq_3_17_64.jpg,0.21547141796585004,0.2676070279633753,0.8974320589523,0.655138760682181,0.7865657827242809,0.42920679574818404,Cap
BatikYogya/Validasi/Cap/Yogya-Cap-Nogosari--Sogan_erosion_sq_3_2_66.jpg,0.2493689680772086,0.3167780252412769,0.8819765256796567,0.6085844204320795,0.7481126781452522,0.3703749967926501,Cap
BatikYogya/Validasi/Cap/Yogya-Cap-Nogosari--Sogan_opening_sq_3_9_92.jpg,0.36159861420440487,0.5316159366493441,0.8358968642225553,0.450660137854307,0.79083252296821,0.20309455985086297,Cap
BatikYogya/Validasi/Cap/Yogya-Cap-Nogosari--Sogan_dilation_sq_3_31_48.jpg,0.8811878247958427,1.921118535016085,0.6568894698243578,0.21163568135573493,0.7745782512442514,0.044789661622906166,Cap
BatikYogya/Validasi/Cap/Yogya-Cap-Nogosari--Sogan_black_tophat_sq_3_6_14.jpg,0.5125414501361049,0.8813709477852018,0.7793534550785959,0.524798254510369,0.6183172737945689,0.27541320793713003,Cap
BatikYogya/Validasi/Cap/Yogya-Cap-Nogosari--Sogan_dilation_sq_5_7_58.jpg,0.1445731254639941,0.1790497401633259,0.9310665564838235,0.5989204937148122,0.9155088448877237,0.3587057577915943,Cap
BatikYogya/Validasi/Cap/Yogya-Cap-Nogosari--Sogan_white_tophat_sq_5_8_117.jpg,0.8133580796832467,1.8198713189804505,0.6888937145512017,0.4655525358507466,0.5200243007209461,0.21673916363706067,Cap
BatikYogya/Validasi/Cap/Yogya-Cap-Nogosari--Sogan_dilation_sq_5_22_53.jpg,0.114857708487998,0.13341747092303885,0.9444187373538874,0.7586163140364003,0.8231969398162073,0.5754987119221743,Cap
BatikYogya/Validasi/Cap/Yogya-Cap-Nogosari--Sogan_black_tophat_sq_3_1_0.jpg,0.5107448651323929,0.8893343231873299,0.781194146932913,0.5467526448569922,0.5712656149711113,0.29893845465811614,Cap
BatikYogya/Validasi/Cap/Yogya-Cap-Nogosari--Sogan_black_tophat_sq_3_20_5.jpg,0.6244196980945311,1.2371789161098738,0.7453509619345333,0.4966676717876815,0.5427667494284656,0.24667877619899614,Cap
BatikYogya/Validasi/Cap/Yogya-Cap-Nogosari--Sogan_white_tophat_sq_5_17_110.jpg,0.8072803761445186,1.9537787676317746,0.7034750100935873,0.49452321113231024,0.44913775929620864,0.24455320634861147,Cap
BatikYogya/Validasi/Cap/Yogya-Cap-Nogosari--Sogan_white_tophat_sq_3_24_103.jpg,0.7265280871071517,1.5348824548379112,0.7141560475712186,0.48975398599495124,0.567818942506733,0.2398589667979429,Cap
BatikYogya/Validasi/Cap/Yogya-Cap-Nogosari--Sogan_erosion_sq_5_14_77.jpg,0.04899777282850779,0.05310566691413017,0.975909806832904,0.8824510077566011,0.8526124427228825,0.778719781090641,Cap
BatikYogya/Validasi/Cap/Yogya-Cap-Nogosari--Sogan_erosion_sq_3_22_68.jpg,0.2614996288047513,0.3368968077208611,0.8766833486178436,0.6165296958874712,0.7336644974743513,0.38010886591109777,Cap
BatikYogya/Validasi/Cap/Yogya-Cap-Nogosari--Sogan_closing_sq_3_2_24.jpg,0.8229695619896065,1.7332491957436278,0.6747265247974799,0.23809766122533524,0.7644396851674449,0.05669049628097451,Cap
BatikYogya/Validasi/Cap/Yogya-Cap-Nogosari--Sogan_white_tophat_sq_3_27_104.jpg,0.7670081662954713,1.821469933184855,0.7153453236888845,0.48481457167086234,0.518565098427838,0.23504516890440172,Cap
BatikYogya/Validasi/Cap/Yogya-Cap-Nogosari--Sogan_closing_sq_5_17_34.jpg,0.4023459539717892,0.548794852759218,0.8133238110274661,0.3037990003451166,0.8803516901204258,0.09229383261069216,Cap
BatikYogya/Validasi/Cap/Yogya-Cap-Nogosari--Sogan_white_tophat_sq_5_0_107.jpg,0.7072803761445187,1.5730957683741649,0.7286676000976539,0.5041721151731344,0.5657558917236639,0.25418952171815234,Cap
BatikYogya/Validasi/Cap/Yogya-Cap-Nogosari--Sogan_dilation_sq_3_17_43.jpg,0.816391982182628,1.7657807473397678,0.6815032446952793,0.23288262369809948,0.7742750781182528,0.0542343164205106,Cap
BatikYogya/Validasi/Cap/Yogya-Cap-Nogosari--Sogan_dilation_sq_5_27_55.jpg,0.13941103687206138,0.1716406829992576,0.9334745823633548,0.689292068601374,0.8475736370243805,0.4751235558367613,Cap
BatikYogya/Validasi/Cap/Yogya-Cap-Nogosari--Sogan_erosion_sq_3_24_69.jpg,0.2525661964860183,0.34428606780499876,0.8827451892529844,0.6226205156638532,0.7520334090555766,0.38765630652552246,Cap
BatikYogya/Validasi/Cap/Yogya-Cap-Nogosari--Sogan_closing_sq_5_19_35.jpg,0.4471912892848305,0.7006928977975748,0.801060945354146,0.2866606864393339,0.866195692336131,0.08217434914987012,Cap
BatikYogya/Validasi/Cap/Yogya-Cap-Nogosari--Sogan_erosion_sq_3_10_62.jpg,0.23335313041326403,0.31288789903489234,0.891147659990055,0.6583829969713269,0.7557944754618504,0.43346817070094623,Cap
BatikYogya/Validasi/Cap/Yogya-Cap-Nogosari--Sogan_opening_sq_3_17_86.jpg,0.3201187824795843,0.4035733729274932,0.8482310032573362,0.42247886055708733,0.838806602994285,0.17848838761761485,Cap
BatikYogya/Validasi/Cap/Yogya-Cap-Nogosari--Sogan_white_tophat_sq_5_32_115.jpg,0.8112694877505569,1.8883494184607768,0.6959519066174379,0.48057528713650943,0.4596472081162047,0.23095260660633848,Cap
BatikYogya/Validasi/Cap/Yogya-Cap-Nogosari--Sogan_opening_sq_5_16_94.jpg,0.1536203909923286,0.1650433061123484,0.924329301133965,0.5625399710715742,0.8811662639716047,0.3164512190532075,Cap
BatikYogya/Validasi/Cap/Yogya-Cap-Nogosari--Sogan_dilation_sq_3_5_49.jpg,0.7474684484038604,1.47609997525365,0.6956880666091723,0.22577479558488472,0.8308405918782474,0.05097425832139648,Cap
BatikYogya/Validasi/Cap/Yogya-Cap-Nogosari--Sogan_erosion_sq_3_3_70.jpg,0.26179163573372927,0.35693640188072256,0.8784744267188915,0.622698819265216,0.713621315096679,0.38775381951429416,Cap
BatikYogya/Validasi/Cap/Yogya-Cap-Nogosari--Sogan_white_tophat_sq_3_16_100.jpg,0.7406928977975749,1.7050284583024005,0.7207459177889155,0.5004197279527209,0.5646080965386621,0.2504199041242753,Cap
BatikYogya/Validasi/Cap/Yogya-Cap-Nogosari--Sogan_black_tophat_sq_3_18_4.jpg,0.4617619401138332,0.7293590695372433,0.795358610865751,0.5679767428281199,0.5724112956593864,0.32259758039364034,Cap
BatikYogya/Validasi/Cap/Yogya-Cap-Nogosari--Sogan_erosion_sq_5_15_78.jpg,0.046364761197723335,0.049977728285077946,0.9771789161098737,0.8792645307753814,0.8729214026294826,0.7731061150796515,Cap
BatikYogya/Validasi/Cap/Yogya-Cap-Nogosari--Sogan_white_tophat_sq_3_6_105.jpg,0.7960009898539966,1.7281168027715912,0.6911126959911973,0.46537101365285666,0.5496687703258967,0.2165701803482873,Cap
BatikYogya/Validasi/Cap/Yogya-Cap-Nogosari--Sogan_black_tophat_sq_3_28_9.jpg,0.431190299430834,0.6594605295718882,0.8068970467408827,0.5782331088793305,0.6214751704925827,0.33435352820425573,Cap
BatikYogya/Validasi/Cap/Yogya-Cap-Nogosari--Sogan_dilation_sq_5_14_51.jpg,0.12096015837663944,0.14261816382083642,0.9416822277537592,0.7124924418979252,0.9062358868407053,0.5076454797616683,Cap
BatikYogya/Validasi/Cap/Yogya-Cap-Nogosari--Sogan_closing_sq_5_12_31.jpg,0.43016085127443704,0.6516406829992576,0.8066525342825618,0.3056546605947667,0.8535403246078627,0.09342477154330205,Cap
BatikYogya/Validasi/Cap/Yogya-Cap-Nogosari--Sogan_dilation_sq_3_18_44.jpg,0.8536401880722593,1.8368225686711208,0.6657375813286203,0.21571610555913204,0.7836802059888283,0.046533438197598594,Cap
BatikYogya/Validasi/Cap/Yogya-Cap-Nogosari--Sogan_opening_sq_3_7_90.jpg,0.33690175699084385,0.463484286067805,0.8440491142262398,0.43803768949015515,0.8135680427148119,0.19187701741387356,Cap
BatikYogya/Validasi/Cap/Yogya-Cap-Nogosari--Sogan_closing_sq_5_24_36.jpg,0.3965058153922297,0.5643949517446176,0.8182560877700403,0.30189904082795266,0.8852589464391843,0.09114303085283784,Cap
BatikYogya/Validasi/Cap/Yogya-Cap-Nogosari--Sogan_black_tophat_sq_3_24_7.jpg,0.4967186340014848,0.8297847067557534,0.7839134069622736,0.5195778951942485,0.6596543537408128,0.2699611891744854,Cap
BatikYogya/Validasi/Cap/Yogya-Cap-Nogosari--Sogan_erosion_sq_5_16_79.jpg,0.0478049987626825,0.05081415491215045,0.9763984162336056,0.8627832487670201,0.8856725373006173,0.7443949343529735,Cap
BatikYogya/Validasi/Cap/Yogya-Cap-Nogosari--Sogan_erosion_sq_3_8_73.jpg,0.23320960158376636,0.2874931947537739,0.888773707507102,0.6023652548557656,0.7911629212180352,0.36284390025745145,Cap
BatikYogya/Validasi/Cap/Yogya-Cap-Nogosari--Sogan_dilation_sq_5_23_54.jpg,0.1492848304875031,0.18073249195743626,0.92844343830876,0.5594126311548442,0.9271314919828552,0.31294249189558576,Cap
BatikYogya/Validasi/Cap/Yogya-Cap-Nogosari--Sogan_closing_sq_3_5_28.jpg,0.8377629299678298,1.6717248205889632,0.6607001504724549,0.2359285334338465,0.7673773133929795,0.055662272888245636,Cap
BatikYogya/Validasi/Cap/Yogya-Cap-Nogosari--Sogan_closing_sq_3_26_25.jpg,0.7493739173471914,1.4824993813412521,0.6952522998202023,0.2371251736439832,0.8007923380396612,0.05622834797568918,Cap
BatikYogya/Validasi/Cap/Yogya-Cap-Nogosari--Sogan_erosion_sq_5_13_76.jpg,0.042845830240039594,0.04508290027220985,0.9788007918831971,0.8811183899268182,0.8757646835592523,0.7763696170672285,Cap
BatikYogya/Validasi/Cap/Yogya-Cap-Nogosari--Sogan_black_tophat_sq_3_13_3.jpg,0.5301410541945063,0.9688839396189062,0.7766040897602801,0.516333425213787,0.6535770232710845,0.2666002059930013,Cap
BatikYogya/Validasi/Cap/Yogya-Cap-Nogosari--Sogan_erosion_sq_3_0_61.jpg,0.23363523880227668,0.2803761445186835,0.8878327146745855,0.6048641319319621,0.7912437288709244,0.365860618097806,Cap
BatikYogya/Validasi/Cap/Yogya-Cap-Nogosari--Sogan_black_tophat_sq_5_10_16.jpg,0.6664587973273942,1.0671615936649343,0.7053259293416506,0.3370667880046403,0.5804422722997115,0.11361401957576514,Cap
BatikYogya/Validasi/Cap/Yogya-Cap-Nogosari--Sogan_closing_sq_3_14_20.jpg,0.7663053699579312,1.6717941103687206,0.7021532063864044,0.2616236740675058,0.7737090469453263,0.06844694683258051,Cap
BatikYogya/Validasi/Cap/Yogya-Cap-Nogosari--Sogan_opening_sq_3_1_85.jpg,0.3602276664192031,0.4852462261816382,0.8322550240129173,0.4240130001286064,0.809753553799438,0.17978702427806154,Cap
BatikYogya/Validasi/Cap/Yogya-Cap-Nogosari--Sogan_black_tophat_sq_3_3_10.jpg,0.583330858698342,1.0528977975748577,0.7532738146484773,0.5129308803367821,0.5463126790338683,0.2630980880030663,Cap
BatikYogya/Validasi/Cap/Yogya-Cap-Nogosari--Sogan_closing_sq_3_16_22.jpg,0.7176688938381588,1.3947884187082407,0.7058493165731211,0.2594496776570018,0.8138788575032437,0.06731413523632213,Cap
BatikYogya/Validasi/Cap/Yogya-Cap-Nogosari--Sogan_black_tophat_sq_5_4_19.jpg,0.7329423410047018,1.377574857708488,0.6940336619359284,0.3286460264002276,0.5227399661345705,0.1080082106686591,Cap
BatikYogya/Validasi/Cap/Yogya-Cap-Nogosari--Sogan_dilation_sq_3_9_50.jpg,0.8383766394456816,1.8171343726800298,0.6726426697222977,0.22555924551356357,0.7970284923278832,0.05087697323664805,Cap
BatikYogya/Validasi/Cap/Yogya-Cap-Nogosari--Sogan_closing_sq_5_5_39.jpg,0.36963622865627316,0.5035733729274932,0.8284344048166923,0.3097612841332572,0.8998518153002195,0.0959520531478845,Cap
BatikYogya/Validasi/Cap/Yogya-Cap-Nogosari--Sogan_dilation_sq_5_8_59.jpg,0.15356594902251916,0.20430586488492947,0.9281166594443157,0.6354155461008124,0.8925148952215605,0.4037529162265937,Cap
BatikYogya/Validasi/Cap/Yogya-Cap-Nogosari--Sogan_opening_sq_3_26_89.jpg,0.4026775550606285,0.5652907696114822,0.814692305362029,0.4067631175651297,0.7702867679152969,0.1654562338113035,Cap
BatikYogya/Validasi/Cap/Yogya-Cap-Nogosari--Sogan_closing_sq_3_7_29.jpg,0.7718238059886167,1.6077060133630292,0.6932533022758622,0.23956576229152457,0.7834888761614416,0.057391754462319255,Cap
BatikYogya/Validasi/Cap/Yogya-Cap-Nogosari--Sogan_opening_sq_5_5_97.jpg,0.17428854243999012,0.18603810937886664,0.9140292880329562,0.5008605026910627,0.8908387816779737,0.25086124315594405,Cap
BatikYogya/Validasi/Cap/Yogya-Cap-Nogosari--Sogan_dilation_sq_3_10_41.jpg,0.8644345459044791,1.8365206632021778,0.659263618559151,0.21261135422447602,0.7829718852336247,0.045203587945165616,Cap
BatikYogya/Validasi/Cap/Yogya-Cap-Nogosari--Sogan_black_tophat_sq_3_10_1.jpg,0.5207324919574363,0.8961247216035635,0.7757754321857558,0.5143264450249831,0.6459368788952069,0.264531692052037,Cap
BatikYogya/Validasi/Cap/Yogya-Cap-Nogosari--Sogan_erosion_sq_3_20_67.jpg,0.22309824300915612,0.2657609502598367,0.8926966982098647,0.6240202854340481,0.7775149314861981,0.38940131663319083,Cap
BatikYogya/Validasi/Cap/Yogya-Cap-Nogosari--Sogan_dilation_sq_5_6_57.jpg,0.09853006681514477,0.11293244246473645,0.9521696143936417,0.7391303693246573,0.9124477005840808,0.5463137028580043,Cap
BatikYogya/Validasi/Cap/Yogya-Cap-Nogosari--Sogan_black_tophat_sq_3_21_6.jpg,0.4760108883939619,0.8299430833951993,0.7961963254409213,0.5622520985771624,0.6042894748697061,0.31612742235442315,Cap
BatikYogya/Validasi/Cap/Yogya-Cap-Nogosari--Sogan_black_tophat_sq_3_12_2.jpg,0.505295718881465,0.8583370452858204,0.7815500824873287,0.5302010123313912,0.6375854673187592,0.281113113477232,Cap
BatikYogya/Validasi/Cap/Yogya-Cap-Nogosari--Sogan_white_tophat_sq_5_22_112.jpg,0.8619846572630537,2.05184855233853,0.679696422516703,0.4620887146241037,0.5058492715490144,0.21352598018295638,Cap
BatikYogya/Validasi/Cap/Yogya-Cap-Nogosari--Sogan_erosion_sq_5_30_83.jpg,0.05475872308834448,0.057035387280376146,0.9728476061545628,0.8288262741376129,0.9021290270173576,0.6869529927008374,Cap
BatikYogya/Validasi/Cap/Yogya-Cap-Nogosari--Sogan_black_tophat_sq_3_30_11.jpg,0.5233358079683247,0.903024003959416,0.774997268531973,0.522068863965366,0.6270725148423621,0.2725558987220878,Cap
BatikYogya/Validasi/Cap/Yogya-Cap-Nogosari--Sogan_opening_sq_5_13_93.jpg,0.15938629052214798,0.1694630042068795,0.9213145261073993,0.5213676043874018,0.8965695888134675,0.2718241789046583,Cap
BatikYogya/Validasi/Cap/Yogya-Cap-Nogosari--Sogan_closing_sq_3_15_21.jpg,0.6668547389260084,1.1697401633259092,0.7156143230069603,0.24974613219580255,0.8419816919488106,0.06237313054676328,Cap
BatikYogya/Validasi/Cap/Yogya-Cap-Nogosari--Sogan_white_tophat_sq_5_2_111.jpg,0.7514080673100718,1.7476466221232367,0.7178811984544987,0.48281638811333155,0.5617895955671963,0.2331116646308032,Cap
BatikYogya/Validasi/Cap/Yogya-Cap-Nogosari--Sogan_opening_sq_3_8_91.jpg,0.36952734471665427,0.47764909675822814,0.8259698699193,0.37850264099525943,0.8196068349148223,0.14326424924038625,Cap
BatikYogya/Validasi/Cap/Yogya-Cap-Nogosari--Sogan_black_tophat_sq_5_2_17.jpg,0.6798119277406582,1.1330561742143035,0.7035595594223656,0.34549924449278263,0.5575480582496058,0.11936972794508358,Cap
BatikYogya/Validasi/Cap/Yogya-Cap-Nogosari--Sogan_black_tophat_sq_5_27_18.jpg,0.6435684236575105,1.1783370452858204,0.7287834381822592,0.3606263360697835,0.5957260793474805,0.13005135426711642,Cap
BatikYogya/Validasi/Cap/Yogya-Cap-Nogosari--Sogan_black_tophat_sq_3_26_8.jpg,0.5613610492452363,0.9881959910913141,0.7605316641395247,0.5136001217730098,0.6050288414421326,0.26378508508525056,Cap
BatikYogya/Validasi/Cap/Yogya-Cap-Nogosari--Sogan_dilation_sq_5_28_56.jpg,0.14967087354615194,0.18469190794357832,0.9286219485567055,0.6482135291172149,0.8898879707906378,0.4201807793305944,Cap
BatikYogya/Validasi/Cap/Yogya-Cap-Nogosari--Sogan_dilation_sq_3_13_42.jpg,0.8532739420935411,1.8403266518188568,0.6659974245759127,0.22318810224776073,0.7737034589221757,0.0498129289849569,Cap
BatikYogya/Validasi/Cap/Yogya-Cap-Nogosari--Sogan_dilation_sq_5_21_52.jpg,0.1485919326899282,0.2010343974263796,0.9307240322586845,0.5395197093292099,0.9363574665390236,0.29108151675467514,Cap
BatikYogya/Validasi/Cap/Yogya-Cap-Nogosari--Sogan_erosion_sq_3_7_72.jpg,0.2425439247710962,0.328918584508785,0.8872197077909119,0.6172185361652087,0.7674979608374783,0.380958721385923,Cap
BatikYogya/Validasi/Cap/Yogya-Cap-Nogosari--Sogan_dilation_sq_3_2_45.jpg,0.8120465231378373,1.636545409552091,0.6725387495548638,0.22728432856383624,0.7927168765704832,0.05165816601071386,Cap
BatikYogya/Validasi/Cap/Yogya-Cap-Nogosari--Sogan_opening_sq_5_28_96.jpg,0.1835684236575105,0.2005246226181638,0.9099072157445012,0.513791104662706,0.8785093233306871,0.2639812992305238,Cap
BatikYogya/Validasi/Cap/Yogya-Cap-Nogosari--Sogan_opening_sq_5_22_95.jpg,0.14607275426874533,0.155456570155902,0.9279013057338749,0.5547397784691198,0.8924744014336086,0.3077362218159681,Cap
BatikYogya/Validasi/Cap/Yogya-Cap-Nogosari--Sogan_black_tophat_sq_3_32_12.jpg,0.5034842860678049,0.8940311804008909,0.7857120227222152,0.522434778218808,0.6510694679659715,0.2729380974925351,Cap
BatikYogya/Validasi/Cap/Yogya-Cap-Nogosari--Sogan_erosion_sq_3_18_65.jpg,0.21498638950754762,0.26562731997030437,0.897544293166984,0.6318793061672929,0.7973449927214703,0.39927145756245946,Cap
BatikYogya/Validasi/Cap/Yogya-Cap-Nogosari--Sogan_white_tophat_sq_5_11_108.jpg,0.8620687948527592,2.0229398663697102,0.6773409245099538,0.4564228769067744,0.5303322608133968,0.20832184256385655,Cap
BatikYogya/Validasi/Cap/Yogya-Cap-Nogosari--Sogan_closing_sq_3_27_26.jpg,0.8281959910913141,1.680876020786934,0.6670784555045527,0.2343933689045344,0.7728306221331006,0.054940251386417165,Cap
BatikYogya/Validasi/Cap/Yogya-Cap-Nogosari--Sogan_white_tophat_sq_3_7_106.jpg,0.726201435288295,1.559262558772581,0.7166938686582862,0.49175678247505455,0.5395913043416645,0.24182473311021813,Cap
BatikYogya/Validasi/Cap/Yogya-Cap-Nogosari--Sogan_closing_sq_5_4_38.jpg,0.42958178668646374,0.6321950012373175,0.805094995145303,0.2976791629189559,0.873865209203185,0.08861288403613028,Cap
BatikYogya/Validasi/Cap/Yogya-Cap-Nogosari--Sogan_white_tophat_sq_5_12_109.jpg,0.7792081168027716,1.597975748577085,0.6896569313975314,0.46188022484475477,0.5970925533155665,0.2133333421026412,Cap
BatikYogya/Validasi/Cap/Yogya-Cap-Nogosari--Sogan_erosion_sq_5_0_74.jpg,0.053516456322692404,0.057574857708488,0.9736448170953609,0.8413840638059478,0.8868196221330136,0.7079271428266112,Cap
BatikYogya/Validasi/Cap/Yogya-Cap-Nogosari--Sogan_erosion_sq_5_2_82.jpg,0.04859193268992824,0.05324424647364513,0.9761678675924713,0.8855698848391514,0.8497821031540297,0.7842340209340279,Cap
BatikYogya/Validasi/Cap/Yogya-Cap-Nogosari--Sogan_erosion_sq_5_18_81.jpg,0.05022519178421182,0.05486760702796337,0.9753495494708649,0.8803610235454508,0.8515869331216087,0.7750355317779937,Cap
BatikYogya/Validasi/Cap/Yogya-Cap-Nogosari--Sogan_closing_sq_5_3_37.jpg,0.45474387527839644,0.6600593912397922,0.7928470171690399,0.2849376958624846,0.8734983068452107,0.08118949052342175,Cap
BatikYogya/Validasi/Cap/Yogya-Cap-Nogosari--Sogan_closing_sq_5_0_30.jpg,0.4226330116307844,0.6146052957188815,0.8075659221486551,0.2926071884611762,0.8852851202065357,0.08561896673915431,Cap
BatikYogya/Validasi/Cap/Yogya-Cap-Nogosari--Sogan_closing_sq_5_6_40.jpg,0.34694877505567934,0.46407819846572634,0.8381193423517542,0.3184394820018081,0.9000769969867983,0.10140370369757988,Cap
BatikYogya/Validasi/Cap/Yogya-Cap-Nogosari--Sogan_dilation_sq_3_29_47.jpg,0.7985548131650582,1.6824647364513734,0.6839218168112181,0.22055908803529448,0.8043106058365738,0.04864631131496078,Cap
BatikYogya/Validasi/Cap/Yogya-Cap-Nogosari--Sogan_white_tophat_sq_3_14_99.jpg,0.8144815639693146,1.8314278643900026,0.6890206790450469,0.4778625249527958,0.5287111582508958,0.2283525927542614,Cap
BatikYogya/Validasi/Tulis/Yogya-Tulis-Nogosari--Sogan_black_tophat_sq_5_9_1072.jpg,0.5668016032064128,0.9364288577154308,0.7522992320460904,0.41596942242348023,0.6335959389372087,0.17303056039132372,Tulis
BatikYogya/Validasi/Tulis/Yogya-Tulis-Nogosari--Sogan_dilation_sq_5_8_1112.jpg,0.26239278557114226,0.37790380761523046,0.8802223687193391,0.47753728499753506,0.918797372543969,0.22804185856281703,Tulis
BatikYogya/Validasi/Tulis/Yogya-Tulis-Nogosari--Sogan_closing_sq_5_12_1085.jpg,0.33543887775551096,0.43737875751503,0.8424364856409652,0.35956576341292845,0.9242432218079247,0.12928753821872202,Tulis
BatikYogya/Validasi/Tulis/Yogya-Tulis-Nogosari--Sogan_white_tophat_sq_3_8_1175.jpg,0.6607575150300602,1.4002444889779557,0.7389347456561648,0.5191959986924908,0.5226816286148622,0.2695644850582929,Tulis
BatikYogya/Validasi/Tulis/Yogya-Tulis-Nogosari--Sogan_black_tophat_sq_5_19_1063.jpg,0.48516633266533066,0.7922605210420843,0.7868223674939459,0.5007946930760689,0.5939967043584317,0.25079532461315407,Tulis
BatikYogya/Validasi/Tulis/Yogya-Tulis-Nogosari--Sogan_black_tophat_sq_5_16_1061.jpg,0.5764969939879759,0.94087374749499,0.746923464441418,0.4194617097271277,0.6181404227348262,0.17594812592720516,Tulis
BatikYogya/Validasi/Tulis/Yogya-Tulis-Nogosari--Sogan_closing_sq_5_28_1090.jpg,0.33165531062124254,0.45256112224448897,0.8461761568385641,0.3783671114956505,0.9167504042002197,0.143161671061562,Tulis
BatikYogya/Validasi/Tulis/Yogya-Tulis-Nogosari--Sogan_closing_sq_3_12_1074.jpg,0.47395591182364727,0.7276072144288577,0.7878418863408607,0.3394107400706396,0.8719532235883879,0.11519965047529929,Tulis
BatikYogya/Validasi/Tulis/Yogya-Tulis-Nogosari--Sogan_opening_sq_5_9_1164.jpg,0.18786773547094188,0.20076553106212422,0.9073525167983024,0.4714902326217086,0.8831618168962885,0.22230303945767285,Tulis
BatikYogya/Validasi/Tulis/Yogya-Tulis-Nogosari--Sogan_black_tophat_sq_3_7_1058.jpg,0.5188857715430861,0.9244088176352705,0.7792780167648492,0.5488603495228823,0.5539329776749998,0.30124768327838053,Tulis
BatikYogya/Validasi/Tulis/Yogya-Tulis-Nogosari--Sogan_dilation_sq_3_18_1099.jpg,0.4986653306613227,0.8035951903807617,0.7804830089676724,0.2957289051123249,0.881335301450205,0.08745558531893446,Tulis
BatikYogya/Validasi/Tulis/Yogya-Tulis-Nogosari--Sogan_opening_sq_3_20_1144.jpg,0.3713226452905812,0.4842765531062124,0.825518811378413,0.3985069305390508,0.8145823172923523,0.15880777368765586,Tulis
BatikYogya/Validasi/Tulis/Yogya-Tulis-Nogosari--Sogan_closing_sq_5_0_1083.jpg,0.37143086172344686,0.5166252505010019,0.8286276408019659,0.346188571367795,0.9180866892581954,0.11984652694567492,Tulis
BatikYogya/Validasi/Tulis/Yogya-Tulis-Nogosari--Sogan_opening_sq_5_16_1157.jpg,0.20151503006012025,0.22019238476953906,0.9011085229282094,0.4785113423426694,0.8685799964896687,0.22897310475058333,Tulis
BatikYogya/Validasi/Tulis/Yogya-Tulis-Nogosari--Sogan_dilation_sq_3_16_1097.jpg,0.4710220440881764,0.6841763527054108,0.7855787049211546,0.2881559931043294,0.8997588762384672,0.08303387636194232,Tulis
BatikYogya/Validasi/Tulis/Yogya-Tulis-Nogosari--Sogan_erosion_sq_3_9_1129.jpg,0.26214428857715427,0.2924208416833667,0.8719521159966992,0.4772219908416389,0.8267820717631235,0.2277408285428573,Tulis
BatikYogya/Validasi/Tulis/Yogya-Tulis-Nogosari--Sogan_white_tophat_sq_3_23_1169.jpg,0.5142645290581161,0.9442124248496994,0.7842840885978878,0.5829298934913705,0.5454222208536789,0.33980726072586054,Tulis
BatikYogya/Validasi/Tulis/Yogya-Tulis-Nogosari--Sogan_erosion_sq_5_8_1139.jpg,0.16154709418837676,0.16941883767535068,0.920013627254509,0.506813883013095,0.8769446058902582,0.2568603120148112,Tulis
BatikYogya/Validasi/Tulis/Yogya-Tulis-Nogosari--Sogan_black_tophat_sq_3_19_1048.jpg,0.6107895791583167,1.331254509018036,0.761524018054453,0.5226463783998416,0.5902000456086722,0.27315923685447047,Tulis
BatikYogya/Validasi/Tulis/Yogya-Tulis-Nogosari--Sogan_white_tophat_sq_5_3_1180.jpg,0.6996953907815631,1.475374749498998,0.7234662027883577,0.49803827496773584,0.48620230800521214,0.24804212333283804,Tulis
BatikYogya/Validasi/Tulis/Yogya-Tulis-Nogosari--Sogan_opening_sq_3_17_1141.jpg,0.3262965931863727,0.3939438877755511,0.8435888156403305,0.41398512027428575,0.8407540991103826,0.17138367980851485,Tulis
BatikYogya/Validasi/Tulis/Yogya-Tulis-Nogosari--Sogan_erosion_sq_5_14_1130.jpg,0.13807214428857717,0.14187975951903806,0.9313446893787575,0.5111005891934055,0.9012238648868154,0.2612238122738463,Tulis
BatikYogya/Validasi/Tulis/Yogya-Tulis-Nogosari--Sogan_erosion_sq_3_27_1124.jpg,0.33343486973947895,0.3996633266533066,0.8398711558864335,0.4373067578864643,0.7713158119657462,0.1912372004931707,Tulis
BatikYogya/Validasi/Tulis/Yogya-Tulis-Nogosari--Sogan_black_tophat_sq_3_32_1054.jpg,0.4323567134268537,0.7406292585170342,0.81368328776913,0.5927479426176153,0.6690402145302023,0.3513501234774158,Tulis
BatikYogya/Validasi/Tulis/Yogya-Tulis-Nogosari--Sogan_erosion_sq_3_26_1123.jpg,0.3052545090180361,0.3554028056112224,0.852375540220713,0.4465648812208441,0.7826644006595853,0.19942019313978657,Tulis
BatikYogya/Validasi/Tulis/Yogya-Tulis-Nogosari--Sogan_closing_sq_3_13_1075.jpg,0.43635270541082166,0.6408577154308617,0.8020067465247237,0.3956518774667185,0.8684561058196483,0.1565404081429392,Tulis
BatikYogya/Validasi/Tulis/Yogya-Tulis-Nogosari--Sogan_erosion_sq_3_7_1128.jpg,0.3071583166332665,0.3575230460921844,0.8514448662029943,0.45916615032054175,0.796602803142751,0.21083355360018635,Tulis
BatikYogya/Validasi/Tulis/Yogya-Tulis-Nogosari--Sogan_closing_sq_3_20_1078.jpg,0.4374468937875752,0.7024809619238477,0.8071525166512553,0.40478972319605705,0.8560851499139011,0.1638547200051405,Tulis
BatikYogya/Validasi/Tulis/Yogya-Tulis-Nogosari--Sogan_dilation_sq_5_2_1105.jpg,0.26608416833667337,0.36666132264529055,0.8769258807207174,0.46306604253644257,0.9276128012888749,0.21443015975036242,Tulis
BatikYogya/Validasi/Tulis/Yogya-Tulis-Nogosari--Sogan_opening_sq_3_30_1146.jpg,0.3501442885771543,0.452380761523046,0.8350395501042441,0.39998457084872724,0.815300158047515,0.1599876569170405,Tulis
BatikYogya/Validasi/Tulis/Yogya-Tulis-Nogosari--Sogan_white_tophat_sq_5_27_1179.jpg,0.5126773547094189,0.9454549098196393,0.7853398278224544,0.5739879059284646,0.590900089410668,0.32946211615214394,Tulis
BatikYogya/Validasi/Tulis/Yogya-Tulis-Nogosari--Sogan_white_tophat_sq_5_32_1181.jpg,0.4934228456913829,0.8763967935871744,0.790491292135451,0.5921499654784571,0.5276798096065881,0.350641581616138,Tulis
BatikYogya/Validasi/Tulis/Yogya-Tulis-Nogosari--Sogan_white_tophat_sq_5_8_1183.jpg,0.5587695390781563,1.0815030060120239,0.7705125857242184,0.5647723523906418,0.5317032170814556,0.31896781002485936,Tulis
BatikYogya/Validasi/Tulis/Yogya-Tulis-Nogosari--Sogan_erosion_sq_3_13_1115.jpg,0.33619238476953905,0.4091543086172345,0.8391666155841094,0.4521737807297164,0.748250851384577,0.2044611279794057,Tulis
BatikYogya/Validasi/Tulis/Yogya-Tulis-Nogosari--Sogan_dilation_sq_3_9_1102.jpg,0.54850501002004,0.9273907815631262,0.7624094939542776,0.2825305176998642,0.8674671375768015,0.0798234934317533,Tulis
BatikYogya/Validasi/Tulis/Yogya-Tulis-Nogosari--Sogan_erosion_sq_5_17_1133.jpg,0.13644488977955913,0.1390260521042084,0.9320356713426854,0.5377490934680902,0.8967746251964611,0.28917408752575285,Tulis
BatikYogya/Validasi/Tulis/Yogya-Tulis-Nogosari--Sogan_erosion_sq_5_27_1137.jpg,0.15022444889779557,0.15803206412825652,0.925667971236591,0.5106699662467415,0.8856590706271206,0.2607838144264481,Tulis
BatikYogya/Validasi/Tulis/Yogya-Tulis-Nogosari--Sogan_opening_sq_3_4_1148.jpg,0.29070140280561124,0.35589579158316637,0.8611248633012631,0.4336377815451871,0.8577483559938505,0.1880417255834314,Tulis
BatikYogya/Validasi/Tulis/Yogya-Tulis-Nogosari--Sogan_opening_sq_3_5_1149.jpg,0.35811623246492985,0.4514228456913828,0.8301936107509136,0.4072132387592475,0.8093367267478846,0.1658226218207959,Tulis
BatikYogya/Validasi/Tulis/Yogya-Tulis-Nogosari--Sogan_closing_sq_3_3_1080.jpg,0.37812825651302606,0.5351703406813627,0.8264865599610618,0.39489231557455734,0.8915268490593095,0.1559399408998358,Tulis
BatikYogya/Validasi/Tulis/Yogya-Tulis-Nogosari--Sogan_erosion_sq_3_20_1119.jpg,0.32286172344689373,0.37751503006012027,0.8440191913238241,0.44875164221808495,0.7782801535766608,0.20137803639342813,Tulis
BatikYogya/Validasi/Tulis/Yogya-Tulis-Nogosari--Sogan_white_tophat_sq_5_23_1177.jpg,0.47343486973947896,0.8275511022044089,0.7977309787484962,0.5939200351128099,0.5938090445805129,0.3527410081084013,Tulis
BatikYogya/Validasi/Tulis/Yogya-Tulis-Nogosari--Sogan_opening_sq_3_2_1143.jpg,0.30469338677354707,0.3913547094188377,0.8562463111376232,0.4277047294583751,0.8420932867714291,0.18293133560106184,Tulis
BatikYogya/Validasi/Tulis/Yogya-Tulis-Nogosari--Sogan_erosion_sq_5_24_1135.jpg,0.1318316633266533,0.13486973947895792,0.9343879759519037,0.5010898803893785,0.9103739368642486,0.2510910682286417,Tulis
BatikYogya/Validasi/Tulis/Yogya-Tulis-Nogosari--Sogan_black_tophat_sq_5_23_1064.jpg,0.4094388777555111,0.5771503006012024,0.8117853403762398,0.5239928384175423,0.6271151917614468,0.27456849471287265,Tulis
BatikYogya/Validasi/Tulis/Yogya-Tulis-Nogosari--Sogan_black_tophat_sq_3_29_1053.jpg,0.7055110220440882,1.4623446893787575,0.7186227030066002,0.47210432196423063,0.5762543972256801,0.22288249081730593,Tulis
BatikYogya/Validasi/Tulis/Yogya-Tulis-Nogosari--Sogan_black_tophat_sq_3_6_1057.jpg,0.3989058116232465,0.6075551102204408,0.8210079166281687,0.5921892077426237,0.6659503801769683,0.35068805776683637,Tulis
BatikYogya/Validasi/Tulis/Yogya-Tulis-Nogosari--Sogan_opening_sq_5_3_1162.jpg,0.226749498997996,0.25008416833667335,0.8889513615466227,0.46848726921055583,0.8480487005111854,0.21948032141236382,Tulis
BatikYogya/Validasi/Tulis/Yogya-Tulis-Nogosari--Sogan_opening_sq_3_9_1153.jpg,0.3428496993987976,0.46984769539078153,0.8411100694234255,0.41106059310223525,0.8031126361081605,0.16897081120156143,Tulis
BatikYogya/Validasi/Tulis/Yogya-Tulis-Nogosari--Sogan_dilation_sq_5_16_1104.jpg,0.2772264529058116,0.39953507014028056,0.8734691899636376,0.527498040887193,0.9055538709919566,0.27825418313982675,Tulis
BatikYogya/Validasi/Tulis/Yogya-Tulis-Nogosari--Sogan_white_tophat_sq_3_0_1165.jpg,0.5240160320641283,1.0501162324649298,0.7879065090484257,0.5878278513484646,0.46325152843519596,0.34554158282095254,Tulis
BatikYogya/Validasi/Tulis/Yogya-Tulis-Nogosari--Sogan_erosion_sq_5_25_1136.jpg,0.15979158316633266,0.16819238476953907,0.9209420252269245,0.5133530486564283,0.880390267231705,0.26353135256484916,Tulis
BatikYogya/Validasi/Tulis/Yogya-Tulis-Nogosari--Sogan_dilation_sq_3_0_1093.jpg,0.4934028056112224,0.8354148296593186,0.7864518002128753,0.2982033239869363,0.877635136055861,0.08892522243685769,Tulis
BatikYogya/Validasi/Tulis/Yogya-Tulis-Nogosari--Sogan_dilation_sq_5_32_1111.jpg,0.2375190380761523,0.315186372745491,0.8889681716373925,0.503960238981417,0.9359364033110433,0.2539759224742069,Tulis
BatikYogya/Validasi/Tulis/Yogya-Tulis-Nogosari--Sogan_white_tophat_sq_3_1_1166.jpg,0.5182084168336673,1.0673306613226454,0.7925507366059011,0.5398611603974979,0.5515283861235931,0.2914500725057329,Tulis
BatikYogya/Validasi/Tulis/Yogya-Tulis-Nogosari--Sogan_closing_sq_3_30_1081.jpg,0.4241362725450902,0.6495951903807615,0.8100343306154929,0.3761559894035228,0.8723876999539968,0.14149332836414313,Tulis
BatikYogya/Validasi/Tulis/Yogya-Tulis-Nogosari--Sogan_closing_sq_3_15_1076.jpg,0.4804088176352706,0.7229899799599199,0.7836068004420238,0.33341458410579194,0.8835418780562758,0.1111652848944382,Tulis
BatikYogya/Validasi/Tulis/Yogya-Tulis-Nogosari--Sogan_opening_sq_3_8_1152.jpg,0.3539438877755511,0.44713827655310623,0.8322774399477688,0.41534853181625203,0.8092562075742675,0.17251440288191613,Tulis
BatikYogya/Validasi/Tulis/Yogya-Tulis-Nogosari--Sogan_black_tophat_sq_5_7_1071.jpg,0.5263046092184369,0.8430501002004009,0.7676817858488165,0.45577122370306544,0.5993347343999635,0.20772740835578973,Tulis
BatikYogya/Validasi/Tulis/Yogya-Tulis-Nogosari--Sogan_dilation_sq_5_28_1109.jpg,0.20370340681362725,0.27219238476953905,0.9049613942817762,0.5466264210362715,0.9313855197367511,0.2988004441749231,Tulis
BatikYogya/Validasi/Tulis/Yogya-Tulis-Nogosari--Sogan_black_tophat_sq_3_8_1059.jpg,0.5054108216432867,0.9141883767535071,0.7867723766966489,0.5540042716523984,0.6535310463961711,0.30692073300910444,Tulis
BatikYogya/Validasi/Tulis/Yogya-Tulis-Nogosari--Sogan_erosion_sq_3_22_1120.jpg,0.3185090180360722,0.3767615230460922,0.8465543321937993,0.435304988727572,0.786761612200348,0.18949043321111161,Tulis
BatikYogya/Validasi/Tulis/Yogya-Tulis-Nogosari--Sogan_white_tophat_sq_3_16_1168.jpg,0.5155470941883767,0.9312104208416833,0.782386678652646,0.5778336193193473,0.5622150556013558,0.3338916916156964,Tulis
BatikYogya/Validasi/Tulis/Yogya-Tulis-Nogosari--Sogan_white_tophat_sq_3_4_1172.jpg,0.5444689378757515,1.0238196392785572,0.7738885501858553,0.5592295980349216,0.5540220058445687,0.31273774331829995,Tulis
BatikYogya/Validasi/Tulis/Yogya-Tulis-Nogosari--Sogan_erosion_sq_3_18_1117.jpg,0.32397194388777556,0.3793226452905812,0.8435310525661818,0.45104691614617837,0.7860334274191232,0.20344332056497766,Tulis
BatikYogya/Validasi/Tulis/Yogya-Tulis-Nogosari--Sogan_black_tophat_sq_3_14_1047.jpg,0.6211222444889779,1.2980040080160322,0.7528462457114301,0.5150092305855526,0.5451394074252814,0.2652345075883229,Tulis
BatikYogya/Validasi/Tulis/Yogya-Tulis-Nogosari--Sogan_closing_sq_5_22_1088.jpg,0.36417234468937876,0.5215911823647295,0.8334657641074004,0.3888908831788196,0.8976007519375554,0.15123611901960232,Tulis
BatikYogya/Validasi/Tulis/Yogya-Tulis-Nogosari--Sogan_opening_sq_3_7_1151.jpg,0.36711823647294584,0.48781563126252503,0.8283672902365817,0.4057881598996404,0.8092130421975545,0.16466403071473612,Tulis
BatikYogya/Validasi/Tulis/Yogya-Tulis-Nogosari--Sogan_dilation_sq_3_17_1098.jpg,0.43249699398797603,0.6682004008016033,0.8067902487131534,0.3039275958218903,0.9037149674586253,0.09237198350207429,Tulis
BatikYogya/Validasi/Tulis/Yogya-Tulis-Nogosari--Sogan_dilation_sq_3_11_1095.jpg,0.5084208416833667,0.769871743486974,0.771495662328693,0.2816405317117105,0.887491147817227,0.079321389102855,Tulis
BatikYogya/Validasi/Tulis/Yogya-Tulis-Nogosari--Sogan_white_tophat_sq_5_9_1184.jpg,0.5636432865731463,1.1769579158316632,0.7759608420117723,0.5704430726156505,0.4727576243618406,0.32540529909518434,Tulis
BatikYogya/Validasi/Tulis/Yogya-Tulis-Nogosari--Sogan_opening_sq_3_31_1147.jpg,0.36301803607214433,0.48325050100200406,0.83038221420216,0.4073507167433236,0.7972120967565248,0.16593460643129948,Tulis
BatikYogya/Validasi/Tulis/Yogya-Tulis-Nogosari--Sogan_opening_sq_5_13_1156.jpg,0.1918356713426854,0.2020561122244489,0.9051042084168336,0.4741318253262458,0.8821675413068333,0.22480098778719768,Tulis
BatikYogya/Validasi/Tulis/Yogya-Tulis-Nogosari--Sogan_white_tophat_sq_5_25_1178.jpg,0.551310621242485,1.0894028056112224,0.7754793746083337,0.5780291069864042,0.4576785831791863,0.33411764852349995,Tulis
BatikYogya/Validasi/Tulis/Yogya-Tulis-Nogosari--Sogan_opening_sq_3_18_1142.jpg,0.361498997995992,0.4673266533066132,0.8297172480708023,0.4092284893334071,0.7981606951173373,0.1674679564821025,Tulis
BatikYogya/Validasi/Tulis/Yogya-Tulis-Nogosari--Sogan_closing_sq_5_21_1087.jpg,0.36857715430861726,0.5091943887775552,0.8296490320006529,0.364610763790995,0.9086778835976299,0.13294100907225273,Tulis
BatikYogya/Validasi/Tulis/Yogya-Tulis-Nogosari--Sogan_erosion_sq_5_16_1132.jpg,0.13523446893787575,0.1409498997995992,0.9329543086172345,0.5442326419441929,0.8880111625938245,0.296189168557556,Tulis
BatikYogya/Validasi/Tulis/Yogya-Tulis-Nogosari--Sogan_erosion_sq_3_23_1121.jpg,0.3085410821643287,0.3548657314629258,0.8503545679594483,0.4688757586935514,0.786292542427279,0.21984447709045343,Tulis
BatikYogya/Validasi/Tulis/Yogya-Tulis-Nogosari--Sogan_opening_sq_5_24_1161.jpg,0.19032064128256515,0.20743486973947894,0.9065494046917364,0.46835584975871164,0.8791102086694565,0.21935720200320485,Tulis
BatikYogya/Validasi/Tulis/Yogya-Tulis-Nogosari--Sogan_closing_sq_3_19_1077.jpg,0.4933667334669339,0.7939519038076153,0.782566951930031,0.36233394325427337,0.8399293519015152,0.13128588643419098,Tulis
BatikYogya/Validasi/Tulis/Yogya-Tulis-Nogosari--Sogan_dilation_sq_5_27_1108.jpg,0.2856633266533066,0.4116352705410822,0.8696086634808078,0.48479796977473494,0.9183509214739143,0.23502907149770483,Tulis
BatikYogya/Validasi/Tulis/Yogya-Tulis-Nogosari--Sogan_black_tophat_sq_3_4_1055.jpg,0.4952344689378757,0.8902404809619238,0.7901327317959878,0.5774941970133952,0.5523105429567878,0.3334995475841462,Tulis
BatikYogya/Validasi/Tulis/Yogya-Tulis-Nogosari--Sogan_black_tophat_sq_3_28_1052.jpg,0.4350701402805611,0.7734428857715432,0.8150197685232272,0.6140572405251704,0.5572998944443718,0.37706629464138697,Tulis
BatikYogya/Validasi/Tulis/Yogya-Tulis-Nogosari--Sogan_white_tophat_sq_3_7_1174.jpg,0.442937875751503,0.841246492985972,0.8165746462816793,0.6205721158842444,0.5410318043837304,0.3851097510130481,Tulis
BatikYogya/Validasi/Tulis/Yogya-Tulis-Nogosari--Sogan_dilation_sq_5_22_1106.jpg,0.32407214428857717,0.4937154308617234,0.8546034004660905,0.41927035931755574,0.9107868663375507,0.1757876342022723,Tulis
BatikYogya/Validasi/Tulis/Yogya-Tulis-Nogosari--Sogan_erosion_sq_3_12_1114.jpg,0.2745731462925852,0.3096432865731462,0.8662136508310739,0.45601037661050164,0.8366168710749683,0.20794546357645152,Tulis
BatikYogya/Validasi/Tulis/Yogya-Tulis-Nogosari--Sogan_dilation_sq_5_0_1103.jpg,0.249563126252505,0.33722645290581166,0.8839240725795483,0.4963682376215958,0.9289908427557858,0.24638142731956902,Tulis
BatikYogya/Validasi/Tulis/Yogya-Tulis-Nogosari--Sogan_dilation_sq_3_30_1100.jpg,0.4962805611222445,0.8605290581162326,0.7870399017920886,0.29474343895062116,0.8771101133191391,0.08687369480443854,Tulis
BatikYogya/Validasi/Tulis/Yogya-Tulis-Nogosari--Sogan_white_tophat_sq_3_27_1170.jpg,0.47896192384769537,0.9006132264529059,0.8008698899670442,0.6059102577020733,0.5099130029743658,0.3671272403885929,Tulis
BatikYogya/Validasi/Tulis/Yogya-Tulis-Nogosari--Sogan_opening_sq_3_29_1145.jpg,0.3172545090180361,0.37873747494989973,0.8474984085818696,0.40506829914296477,0.8633738582799554,0.1640803269705744,Tulis
BatikYogya/Validasi/Tulis/Yogya-Tulis-Nogosari--Sogan_black_tophat_sq_5_27_1066.jpg,0.5287094188376753,0.9212064128256514,0.773006302559871,0.47339883823084433,0.6530039107252829,0.2241064600383131,Tulis
BatikYogya/Validasi/Tulis/Yogya-Tulis-Nogosari--Sogan_black_tophat_sq_3_5_1056.jpg,0.5402925851703406,1.0228336673346694,0.7757943958358197,0.5246158565010991,0.6665994701877468,0.27522179689238185,Tulis
BatikYogya/Validasi/Tulis/Yogya-Tulis-Nogosari--Sogan_erosion_sq_5_20_1134.jpg,0.16533867735470942,0.16959519038076154,0.9177557467876931,0.5383320070755301,0.8562457249534523,0.28980134984196854,Tulis
BatikYogya/Validasi/Tulis/Yogya-Tulis-Nogosari--Sogan_closing_sq_5_8_1092.jpg,0.341498997995992,0.46711022044088174,0.8417004144034677,0.3826253788674919,0.9110456619220506,0.14640218055349175,Tulis
BatikYogya/Validasi/Tulis/Yogya-Tulis-Nogosari--Sogan_erosion_sq_3_17_1116.jpg,0.3273066132264529,0.3753466933867736,0.8411376871389838,0.4319665303342177,0.7845749129200259,0.18659508332898264,Tulis
BatikYogya/Validasi/Tulis/Yogya-Tulis-Nogosari--Sogan_dilation_sq_5_3_1110.jpg,0.24467735470941884,0.3331743486973948,0.886451717915469,0.5049995747878024,0.9338807761877982,0.25502457053586125,Tulis
BatikYogya/Validasi/Tulis/Yogya-Tulis-Nogosari--Sogan_opening_sq_5_20_1160.jpg,0.21977154308617233,0.241374749498998,0.8922711540728516,0.46940344081678986,0.8580229834567653,0.22033959025064154,Tulis
BatikYogya/Validasi/Tulis/Yogya-Tulis-Nogosari--Sogan_opening_sq_5_19_1158.jpg,0.18645290581162322,0.19507014028056113,0.9076341388659672,0.4839368567341173,0.884674572538967,0.23419488130569757,Tulis
BatikYogya/Validasi/Tulis/Yogya-Tulis-Nogosari--Sogan_black_tophat_sq_5_10_1060.jpg,0.6008336673346694,0.984120240480962,0.7364844901739398,0.39249540003628364,0.6578814859165285,0.15405263904964234,Tulis
BatikYogya/Validasi/Tulis/Yogya-Tulis-Nogosari--Sogan_white_tophat_sq_3_29_1171.jpg,0.5313707414829659,0.9815511022044089,0.7776477034293606,0.5643511079918905,0.5583417097191526,0.3184921730916744,Tulis
BatikYogya/Validasi/Tulis/Yogya-Tulis-Nogosari--Sogan_closing_sq_3_27_1079.jpg,0.4282044088176353,0.61225250501002,0.8040939417296131,0.3564036948974734,0.8905076892697863,0.12702359373657132,Tulis
BatikYogya/Validasi/Tulis/Yogya-Tulis-Nogosari--Sogan_erosion_sq_5_7_1138.jpg,0.16490981963927856,0.17004008016032066,0.9180551347037967,0.5189441265627253,0.8763970952870216,0.26930300649394984,Tulis
BatikYogya/Validasi/Tulis/Yogya-Tulis-Nogosari--Sogan_dilation_sq_3_14_1096.jpg,0.5011863727454909,0.8743246492985971,0.7854386327749052,0.3233219616033789,0.8634507850587355,0.10453709085505683,Tulis
BatikYogya/Validasi/Tulis/Yogya-Tulis-Nogosari--Sogan_black_tophat_sq_5_18_1062.jpg,0.6032985971943887,1.1558276553106213,0.7504019322097785,0.439530533578078,0.6684611407471533,0.19318708994742992,Tulis
BatikYogya/Validasi/Tulis/Yogya-Tulis-Nogosari--Sogan_erosion_sq_3_24_1122.jpg,0.3319959919839679,0.40741883767535075,0.8415018072343783,0.45479300533329403,0.7608405603911338,0.2068366777000896,Tulis
BatikYogya/Validasi/Tulis/Yogya-Tulis-Nogosari--Sogan_black_tophat_sq_5_25_1065.jpg,0.5261603206412827,0.8456472945891783,0.7675813928554185,0.4466452842870543,0.658978331385785,0.19949200997586355,Tulis
BatikYogya/Validasi/Tulis/Yogya-Tulis-Nogosari--Sogan_erosion_sq_3_3_1125.jpg,0.2897114228456914,0.3243326653306613,0.8586018861251916,0.4654056305570583,0.8121296367735532,0.21660240095421304,Tulis
BatikYogya/Validasi/Tulis/Yogya-Tulis-Nogosari--Sogan_dilation_sq_5_23_1107.jpg,0.23632064128256514,0.319935871743487,0.8901492541644374,0.5131517497878851,0.934347977843744,0.26332471831036824,Tulis
BatikYogya/Validasi/Tulis/Yogya-Tulis-Nogosari--Sogan_dilation_sq_3_10_1094.jpg,0.507438877755511,0.8040641282565131,0.7753378576156839,0.2970259885561523,0.8800112630264676,0.08822443787775952,Tulis
BatikYogya/Validasi/Tulis/Yogya-Tulis-Nogosari--Sogan_erosion_sq_3_6_1127.jpg,0.28451302605210416,0.31926252505010017,0.8612156076859601,0.4663331181484109,0.8147429291345181,0.21746657708201975,Tulis
BatikYogya/Validasi/Tulis/Yogya-Tulis-Nogosari--Sogan_erosion_sq_3_32_1126.jpg,0.2814669338677355,0.3293386773547094,0.8640348824345523,0.4464807715379185,0.8279186499976163,0.19934507935309498,Tulis
BatikYogya/Validasi/Tulis/Yogya-Tulis-Nogosari--Sogan_black_tophat_sq_5_3_1068.jpg,0.5677915831663326,1.0132745490981963,0.7585023567595017,0.437093384292031,0.617335616577754,0.1910506265918611,Tulis
BatikYogya/Validasi/Tulis/Yogya-Tulis-Nogosari--Sogan_opening_sq_5_6_1163.jpg,0.20655310621242484,0.2226012024048096,0.8983265590003537,0.47503737523425077,0.8711087413773521,0.22566050786944636,Tulis
BatikYogya/Validasi/Tulis/Yogya-Tulis-Nogosari--Sogan_black_tophat_sq_3_25_1051.jpg,0.671314629258517,1.4460160320641282,0.7363122593480957,0.5016620441281653,0.5316392587014217,0.25166480651884926,Tulis
BatikYogya/Validasi/Tulis/Yogya-Tulis-Nogosari--Sogan_white_tophat_sq_5_7_1182.jpg,0.45956713426853707,0.8356793587174348,0.8066727640336315,0.6137211800063661,0.5062399463727549,0.3766536867884065,Tulis
BatikYogya/Validasi/Tulis/Yogya-Tulis-Nogosari--Sogan_opening_sq_3_6_1150.jpg,0.34154709418837675,0.4140841683366734,0.8364343015981823,0.40508265567397456,0.8335733419694922,0.16409195792787984,Tulis
BatikYogya/Validasi/Tulis/Yogya-Tulis-Nogosari--Sogan_dilation_sq_3_8_1101.jpg,0.47957114228456915,0.7300480961923848,0.7849045584381433,0.30479201255114324,0.8920634422329687,0.09289817091497626,Tulis
BatikYogya/Validasi/Tulis/Yogya-Tulis-Nogosari--Sogan_closing_sq_3_5_1082.jpg,0.408501002004008,0.5992505010020039,0.8145788536348715,0.39231657305395246,0.8705415628663264,0.1539122934927972,Tulis
BatikYogya/Validasi/Tulis/Yogya-Tulis-Nogosari--Sogan_dilation_sq_5_9_1113.jpg,0.2687294589178357,0.3972585170340681,0.8783231694157547,0.48629708609899125,0.9215439619189584,0.2364848559483697,Tulis
BatikYogya/Validasi/Tulis/Yogya-Tulis-Nogosari--Sogan_white_tophat_sq_5_10_1176.jpg,0.6562845691382766,1.4436913827655313,0.7457173519155224,0.4821951462172819,0.5352979094060701,0.23251215903550587,Tulis
BatikYogya/Validasi/Tulis/Yogya-Tulis-Nogosari--Sogan_erosion_sq_3_19_1118.jpg,0.29729058116232465,0.33981563126252506,0.85559517949927,0.45603763456018015,0.8021093679415602,0.20797032413524444,Tulis
BatikYogya/Validasi/Tulis/Yogya-Tulis-Nogosari--Sogan_black_tophat_sq_5_5_1069.jpg,0.4824128256513026,0.7762885771543087,0.7871270563629399,0.492862942173127,0.6470272219784733,0.24291387976755113,Tulis
BatikYogya/Validasi/Tulis/Yogya-Tulis-Nogosari--Sogan_closing_sq_5_11_1084.jpg,0.3714268537074148,0.5495671342685371,0.8318145920800878,0.36725542465369043,0.8985734350061197,0.13487654693756249,Tulis
BatikYogya/Validasi/Tulis/Yogya-Tulis-Nogosari--Sogan_opening_sq_5_1_1154.jpg,0.19245290581162325,0.20151102204408816,0.9046787928798773,0.4827520490991978,0.8804127496116795,0.23304954090947427,Tulis
BatikYogya/Validasi/Tulis/Yogya-Tulis-Nogosari--Sogan_closing_sq_3_0_1073.jpg,0.4697314629258517,0.797002004008016,0.7968937321873782,0.39326321050810953,0.8279238622568408,0.15465595273914567,Tulis
BatikYogya/Validasi/Tulis/Yogya-Tulis-Nogosari--Sogan_white_tophat_sq_3_5_1173.jpg,0.5288416833667334,0.9631983967935872,0.7776117148568876,0.5743227948742395,0.535883009123757,0.3298466727121578,Tulis
BatikYogya/Validasi/Tulis/Yogya-Tulis-Nogosari--Sogan_closing_sq_5_20_1086.jpg,0.35663326653306615,0.5329779559118237,0.8390433826929877,0.3819801733912962,0.8967070520263486,0.1459088528640447,Tulis
BatikYogya/Validasi/Tulis/Yogya-Tulis-Nogosari--Sogan_erosion_sq_5_15_1131.jpg,0.15084969939879758,0.15808817635270542,0.9252984321584343,0.5328608538101999,0.8703736375310743,0.28394068952333523,Tulis
BatikYogya/Validasi/Tulis/Yogya-Tulis-Nogosari--Sogan_closing_sq_5_27_1089.jpg,0.29549899799599194,0.3978797595190381,0.8623883803806709,0.36851915598492035,0.9371367661470497,0.13580636832783805,Tulis
BatikYogya/Validasi/Tulis/Yogya-Tulis-Nogosari--Sogan_black_tophat_sq_5_29_1067.jpg,0.5822685370741483,0.9500200400801602,0.7442499906992658,0.39550385019731665,0.6746613976101402,0.1564232955209015,Tulis
BatikYogya/Validasi/Tulis/Yogya-Tulis-Nogosari--Sogan_white_tophat_sq_3_14_1167.jpg,0.5135751503006013,0.9948176352705411,0.7892505216768377,0.5932782859517354,0.45361529791720995,0.3519791245818291,Tulis
BatikYogya/Validasi/Tulis/Yogya-Tulis-Nogosari--Sogan_opening_sq_3_14_1140.jpg,0.31788777555110226,0.39514629258517037,0.8487254889870238,0.41695180802295795,0.8494887176007613,0.1738488102136136,Tulis
BatikYogya/Validasi/Tulis/Yogya-Tulis-Nogosari--Sogan_opening_sq_5_10_1155.jpg,0.19691382765531062,0.20844088176352704,0.9026935282329365,0.48291622435226966,0.8728312235832121,0.23320807974265165,Tulis
BatikYogya/Validasi/Tulis/Yogya-Tulis-Nogosari--Sogan_opening_sq_5_2_1159.jpg,0.1941923847695391,0.2074188376753507,0.9042247553931393,0.48404274472962266,0.8749417749379905,0.23429737872538667,Tulis
BatikYogya/Validasi/Tulis/Yogya-Tulis-Nogosari--Sogan_black_tophat_sq_3_21_1049.jpg,0.5842284569138276,1.15588376753507,0.7618936795248807,0.5137099472816394,0.6226180602390335,0.26389790993610474,Tulis
BatikYogya/Validasi/Tulis/Yogya-Tulis-Nogosari--Sogan_black_tophat_sq_3_22_1050.jpg,0.3997875751503006,0.6502805611222444,0.8243824936310188,0.5846805027259849,0.679118944811685,0.34185129026791045,Tulis
BatikYogya/Validasi/Tulis/Yogya-Tulis-Nogosari--Sogan_closing_sq_5_29_1091.jpg,0.3629458917835671,0.5405811623246494,0.8359996494885331,0.3525482753904452,0.9136121304025744,0.12429028648077718,Tulis
BatikYogya/Validasi/Tulis/Yogya-Tulis-Nogosari--Sogan_black_tophat_sq_5_6_1070.jpg,0.42796793587174353,0.6410981963927855,0.8069404725263171,0.5107864687394554,0.5967861150618607,0.2609028166473227,Tulis
